<?xml version="1.0" encoding="UTF-8"?>
<!DOCTYPE mapper PUBLIC "-//mybatis.org//DTD Mapper 3.0//EN" "http://mybatis.org/dtd/mybatis-3-mapper.dtd">
<mapper namespace="cn.his.mapper.ConstatntItemMapper">
  <resultMap id="BaseResultMap" type="cn.his.entity.ConstatntItem">
    <id column="ID" jdbcType="INTEGER" property="id" />
    <result column="ConstantTypeID" jdbcType="INTEGER" property="constanttypeid" />
    <result column="ContantCode" jdbcType="VARCHAR" property="contantcode" />
    <result column="ConstantName" jdbcType="VARCHAR" property="constantname" />
    <result column="DelMark" jdbcType="INTEGER" property="delmark" />
  </resultMap>
  <sql id="Base_Column_List">
    ID, ConstantTypeID, ContantCode, ConstantName, DelMark
  </sql>
  <select id="selectByPrimaryKey" parameterType="java.lang.Integer" resultMap="BaseResultMap">
    select 
    <include refid="Base_Column_List" />
    from constatnt_item
    where ID = #{id,jdbcType=INTEGER}
  </select>
  <delete id="deleteByPrimaryKey" parameterType="java.lang.Integer">
    delete from constatnt_item
    where ID = #{id,jdbcType=INTEGER}
  </delete>
  <insert id="insert" parameterType="cn.his.entity.ConstatntItem">
    insert into constatnt_item (ID, ConstantTypeID, ContantCode, 
      ConstantName, DelMark)
    values (#{id,jdbcType=INTEGER}, #{constanttypeid,jdbcType=INTEGER}, #{contantcode,jdbcType=VARCHAR}, 
      #{constantname,jdbcType=VARCHAR}, #{delmark,jdbcType=INTEGER})
  </insert>
  <insert id="insertSelective" parameterType="cn.his.entity.ConstatntItem">
    insert into constatnt_item
    <trim prefix="(" suffix=")" suffixOverrides=",">
      <if test="id != null">
        ID,
      </if>
      <if test="constanttypeid != null">
        ConstantTypeID,
      </if>
      <if test="contantcode != null">
        ContantCode,
      </if>
      <if test="constantname != null">
        ConstantName,
      </if>
      <if test="delmark != null">
        DelMark,
      </if>
    </trim>
    <trim prefix="values (" suffix=")" suffixOverrides=",">
      <if test="id != null">
        #{id,jdbcType=INTEGER},
      </if>
      <if test="constanttypeid != null">
        #{constanttypeid,jdbcType=INTEGER},
      </if>
      <if test="contantcode != null">
        #{contantcode,jdbcType=VARCHAR},
      </if>
      <if test="constantname != null">
        #{constantname,jdbcType=VARCHAR},
      </if>
      <if test="delmark != null">
        #{delmark,jdbcType=INTEGER},
      </if>
    </trim>
  </insert>
  <update id="updateByPrimaryKeySelective" parameterType="cn.his.entity.ConstatntItem">
    update constatnt_item
    <set>
      <if test="constanttypeid != null">
        ConstantTypeID = #{constanttypeid,jdbcType=INTEGER},
      </if>
      <if test="contantcode != null">
        ContantCode = #{contantcode,jdbcType=VARCHAR},
      </if>
      <if test="constantname != null">
        ConstantName = #{constantname,jdbcType=VARCHAR},
      </if>
      <if test="delmark != null">
        DelMark = #{delmark,jdbcType=INTEGER},
      </if>
    </set>
    where ID = #{id,jdbcType=INTEGER}
  </update>
  <update id="updateByPrimaryKey" parameterType="cn.his.entity.ConstatntItem">
    update constatnt_item
    set ConstantTypeID = #{constanttypeid,jdbcType=INTEGER},
      ContantCode = #{contantcode,jdbcType=VARCHAR},
      ConstantName = #{constantname,jdbcType=VARCHAR},
      DelMark = #{delmark,jdbcType=INTEGER}
    where ID = #{id,jdbcType=INTEGER}
  </update>
</mapper>