<?xml version="1.0" encoding="UTF-8"?>
<!DOCTYPE mapper PUBLIC "-//mybatis.org//DTD Mapper 3.0//EN" "http://mybatis.org/dtd/mybatis-3-mapper.dtd">
<mapper namespace="cn.his.mapper.DepartmentMapper">
  <resultMap id="BaseResultMap" type="cn.his.entity.Department">
    <id column="ID" jdbcType="INTEGER" property="id" />
    <result column="DeptCode" jdbcType="VARCHAR" property="deptcode" />
    <result column="DeptName" jdbcType="VARCHAR" property="deptname" />
    <result column="DeptCategoryID" jdbcType="INTEGER" property="deptcategoryid" />
    <result column="DeptType" jdbcType="INTEGER" property="depttype" />
    <result column="DelMark" jdbcType="INTEGER" property="delmark" />
  </resultMap>
  <sql id="Base_Column_List">
    ID, DeptCode, DeptName, DeptCategoryID, DeptType, DelMark
  </sql>
  <select id="selectByPrimaryKey" parameterType="java.lang.Integer" resultMap="BaseResultMap">
    select 
    <include refid="Base_Column_List" />
    from department
    where ID = #{id,jdbcType=INTEGER}
  </select>
  <delete id="deleteByPrimaryKey" parameterType="java.lang.Integer">
    delete from department
    where ID = #{id,jdbcType=INTEGER}
  </delete>
  <insert id="insert" parameterType="cn.his.entity.Department">
    insert into department (ID, DeptCode, DeptName, 
      DeptCategoryID, DeptType, DelMark
      )
    values (#{id,jdbcType=INTEGER}, #{deptcode,jdbcType=VARCHAR}, #{deptname,jdbcType=VARCHAR}, 
      #{deptcategoryid,jdbcType=INTEGER}, #{depttype,jdbcType=INTEGER}, #{delmark,jdbcType=INTEGER}
      )
  </insert>
  <insert id="insertSelective" parameterType="cn.his.entity.Department">
    insert into department
    <trim prefix="(" suffix=")" suffixOverrides=",">
      <if test="id != null">
        ID,
      </if>
      <if test="deptcode != null">
        DeptCode,
      </if>
      <if test="deptname != null">
        DeptName,
      </if>
      <if test="deptcategoryid != null">
        DeptCategoryID,
      </if>
      <if test="depttype != null">
        DeptType,
      </if>
      <if test="delmark != null">
        DelMark,
      </if>
    </trim>
    <trim prefix="values (" suffix=")" suffixOverrides=",">
      <if test="id != null">
        #{id,jdbcType=INTEGER},
      </if>
      <if test="deptcode != null">
        #{deptcode,jdbcType=VARCHAR},
      </if>
      <if test="deptname != null">
        #{deptname,jdbcType=VARCHAR},
      </if>
      <if test="deptcategoryid != null">
        #{deptcategoryid,jdbcType=INTEGER},
      </if>
      <if test="depttype != null">
        #{depttype,jdbcType=INTEGER},
      </if>
      <if test="delmark != null">
        #{delmark,jdbcType=INTEGER},
      </if>
    </trim>
  </insert>
  <update id="updateByPrimaryKeySelective" parameterType="cn.his.entity.Department">
    update department
    <set>
      <if test="deptcode != null">
        DeptCode = #{deptcode,jdbcType=VARCHAR},
      </if>
      <if test="deptname != null">
        DeptName = #{deptname,jdbcType=VARCHAR},
      </if>
      <if test="deptcategoryid != null">
        DeptCategoryID = #{deptcategoryid,jdbcType=INTEGER},
      </if>
      <if test="depttype != null">
        DeptType = #{depttype,jdbcType=INTEGER},
      </if>
      <if test="delmark != null">
        DelMark = #{delmark,jdbcType=INTEGER},
      </if>
    </set>
    where ID = #{id,jdbcType=INTEGER}
  </update>
  <update id="updateByPrimaryKey" parameterType="cn.his.entity.Department">
    update department
    set DeptCode = #{deptcode,jdbcType=VARCHAR},
      DeptName = #{deptname,jdbcType=VARCHAR},
      DeptCategoryID = #{deptcategoryid,jdbcType=INTEGER},
      DeptType = #{depttype,jdbcType=INTEGER},
      DelMark = #{delmark,jdbcType=INTEGER}
    where ID = #{id,jdbcType=INTEGER}
  </update>
</mapper>