<?xml version="1.0" encoding="UTF-8"?>
<!DOCTYPE mapper PUBLIC "-//mybatis.org//DTD Mapper 3.0//EN" "http://mybatis.org/dtd/mybatis-3-mapper.dtd">
<mapper namespace="cn.his.mapper.RegistWorkMapper">
  <resultMap id="BaseResultMap" type="cn.his.entity.RegistWork">
    <id column="ID" jdbcType="INTEGER" property="id" />
    <result column="RegisterID" jdbcType="INTEGER" property="registerid" />
    <result column="StartTime" jdbcType="TIMESTAMP" property="starttime" />
    <result column="EndTime" jdbcType="TIMESTAMP" property="endtime" />
  </resultMap>
  <sql id="Base_Column_List">
    ID, RegisterID, StartTime, EndTime
  </sql>
  <select id="selectByPrimaryKey" parameterType="java.lang.Integer" resultMap="BaseResultMap">
    select 
    <include refid="Base_Column_List" />
    from regist_work
    where ID = #{id,jdbcType=INTEGER}
  </select>
  <delete id="deleteByPrimaryKey" parameterType="java.lang.Integer">
    delete from regist_work
    where ID = #{id,jdbcType=INTEGER}
  </delete>
  <insert id="insert" parameterType="cn.his.entity.RegistWork">
    insert into regist_work (ID, RegisterID, StartTime, 
      EndTime)
    values (#{id,jdbcType=INTEGER}, #{registerid,jdbcType=INTEGER}, #{starttime,jdbcType=TIMESTAMP}, 
      #{endtime,jdbcType=TIMESTAMP})
  </insert>
  <insert id="insertSelective" parameterType="cn.his.entity.RegistWork">
    insert into regist_work
    <trim prefix="(" suffix=")" suffixOverrides=",">
      <if test="id != null">
        ID,
      </if>
      <if test="registerid != null">
        RegisterID,
      </if>
      <if test="starttime != null">
        StartTime,
      </if>
      <if test="endtime != null">
        EndTime,
      </if>
    </trim>
    <trim prefix="values (" suffix=")" suffixOverrides=",">
      <if test="id != null">
        #{id,jdbcType=INTEGER},
      </if>
      <if test="registerid != null">
        #{registerid,jdbcType=INTEGER},
      </if>
      <if test="starttime != null">
        #{starttime,jdbcType=TIMESTAMP},
      </if>
      <if test="endtime != null">
        #{endtime,jdbcType=TIMESTAMP},
      </if>
    </trim>
  </insert>
  <update id="updateByPrimaryKeySelective" parameterType="cn.his.entity.RegistWork">
    update regist_work
    <set>
      <if test="registerid != null">
        RegisterID = #{registerid,jdbcType=INTEGER},
      </if>
      <if test="starttime != null">
        StartTime = #{starttime,jdbcType=TIMESTAMP},
      </if>
      <if test="endtime != null">
        EndTime = #{endtime,jdbcType=TIMESTAMP},
      </if>
    </set>
    where ID = #{id,jdbcType=INTEGER}
  </update>
  <update id="updateByPrimaryKey" parameterType="cn.his.entity.RegistWork">
    update regist_work
    set RegisterID = #{registerid,jdbcType=INTEGER},
      StartTime = #{starttime,jdbcType=TIMESTAMP},
      EndTime = #{endtime,jdbcType=TIMESTAMP}
    where ID = #{id,jdbcType=INTEGER}
  </update>
</mapper>