<?xml version="1.0" encoding="UTF-8"?>
<!DOCTYPE mapper PUBLIC "-//mybatis.org//DTD Mapper 3.0//EN" "http://mybatis.org/dtd/mybatis-3-mapper.dtd">
<mapper namespace="cn.his.mapper.SettleCategoryMapper">
  <resultMap id="BaseResultMap" type="cn.his.entity.SettleCategory">
    <id column="ID" jdbcType="INTEGER" property="id" />
    <result column="SettleCode" jdbcType="VARCHAR" property="settlecode" />
    <result column="SettleName" jdbcType="VARCHAR" property="settlename" />
    <result column="SequenceNo" jdbcType="INTEGER" property="sequenceno" />
    <result column="DelMark" jdbcType="INTEGER" property="delmark" />
  </resultMap>
  <sql id="Base_Column_List">
    ID, SettleCode, SettleName, SequenceNo, DelMark
  </sql>
  <select id="selectByPrimaryKey" parameterType="java.lang.Integer" resultMap="BaseResultMap">
    select 
    <include refid="Base_Column_List" />
    from settle_category
    where ID = #{id,jdbcType=INTEGER}
  </select>
  <delete id="deleteByPrimaryKey" parameterType="java.lang.Integer">
    delete from settle_category
    where ID = #{id,jdbcType=INTEGER}
  </delete>
  <insert id="insert" parameterType="cn.his.entity.SettleCategory">
    insert into settle_category (ID, SettleCode, SettleName, 
      SequenceNo, DelMark)
    values (#{id,jdbcType=INTEGER}, #{settlecode,jdbcType=VARCHAR}, #{settlename,jdbcType=VARCHAR}, 
      #{sequenceno,jdbcType=INTEGER}, #{delmark,jdbcType=INTEGER})
  </insert>
  <insert id="insertSelective" parameterType="cn.his.entity.SettleCategory">
    insert into settle_category
    <trim prefix="(" suffix=")" suffixOverrides=",">
      <if test="id != null">
        ID,
      </if>
      <if test="settlecode != null">
        SettleCode,
      </if>
      <if test="settlename != null">
        SettleName,
      </if>
      <if test="sequenceno != null">
        SequenceNo,
      </if>
      <if test="delmark != null">
        DelMark,
      </if>
    </trim>
    <trim prefix="values (" suffix=")" suffixOverrides=",">
      <if test="id != null">
        #{id,jdbcType=INTEGER},
      </if>
      <if test="settlecode != null">
        #{settlecode,jdbcType=VARCHAR},
      </if>
      <if test="settlename != null">
        #{settlename,jdbcType=VARCHAR},
      </if>
      <if test="sequenceno != null">
        #{sequenceno,jdbcType=INTEGER},
      </if>
      <if test="delmark != null">
        #{delmark,jdbcType=INTEGER},
      </if>
    </trim>
  </insert>
  <update id="updateByPrimaryKeySelective" parameterType="cn.his.entity.SettleCategory">
    update settle_category
    <set>
      <if test="settlecode != null">
        SettleCode = #{settlecode,jdbcType=VARCHAR},
      </if>
      <if test="settlename != null">
        SettleName = #{settlename,jdbcType=VARCHAR},
      </if>
      <if test="sequenceno != null">
        SequenceNo = #{sequenceno,jdbcType=INTEGER},
      </if>
      <if test="delmark != null">
        DelMark = #{delmark,jdbcType=INTEGER},
      </if>
    </set>
    where ID = #{id,jdbcType=INTEGER}
  </update>
  <update id="updateByPrimaryKey" parameterType="cn.his.entity.SettleCategory">
    update settle_category
    set SettleCode = #{settlecode,jdbcType=VARCHAR},
      SettleName = #{settlename,jdbcType=VARCHAR},
      SequenceNo = #{sequenceno,jdbcType=INTEGER},
      DelMark = #{delmark,jdbcType=INTEGER}
    where ID = #{id,jdbcType=INTEGER}
  </update>
</mapper>