<?xml version="1.0" encoding="UTF-8"?>
<!DOCTYPE mapper PUBLIC "-//mybatis.org//DTD Mapper 3.0//EN" "http://mybatis.org/dtd/mybatis-3-mapper.dtd">
<mapper namespace="cn.his.mapper.CheckTemplateMapper">
  <resultMap id="BaseResultMap" type="cn.his.entity.CheckTemplate">
    <id column="ID" jdbcType="INTEGER" property="id" />
    <result column="Name" jdbcType="VARCHAR" property="name" />
    <result column="UserID" jdbcType="INTEGER" property="userid" />
    <result column="CreationTime" jdbcType="TIMESTAMP" property="creationtime" />
    <result column="Scope" jdbcType="CHAR" property="scope" />
    <result column="RecordType" jdbcType="INTEGER" property="recordtype" />
    <result column="DelMark" jdbcType="INTEGER" property="delmark" />
  </resultMap>
  <sql id="Base_Column_List">
    ID, Name, UserID, CreationTime, Scope, RecordType, DelMark
  </sql>
  <select id="selectByPrimaryKey" parameterType="java.lang.Integer" resultMap="BaseResultMap">
    select 
    <include refid="Base_Column_List" />
    from check_template
    where ID = #{id,jdbcType=INTEGER}
  </select>
  <delete id="deleteByPrimaryKey" parameterType="java.lang.Integer">
    delete from check_template
    where ID = #{id,jdbcType=INTEGER}
  </delete>
  <insert id="insert" parameterType="cn.his.entity.CheckTemplate">
    insert into check_template (ID, Name, UserID, 
      CreationTime, Scope, RecordType, 
      DelMark)
    values (#{id,jdbcType=INTEGER}, #{name,jdbcType=VARCHAR}, #{userid,jdbcType=INTEGER}, 
      #{creationtime,jdbcType=TIMESTAMP}, #{scope,jdbcType=CHAR}, #{recordtype,jdbcType=INTEGER}, 
      #{delmark,jdbcType=INTEGER})
  </insert>
  <insert id="insertSelective" parameterType="cn.his.entity.CheckTemplate">
    insert into check_template
    <trim prefix="(" suffix=")" suffixOverrides=",">
      <if test="id != null">
        ID,
      </if>
      <if test="name != null">
        Name,
      </if>
      <if test="userid != null">
        UserID,
      </if>
      <if test="creationtime != null">
        CreationTime,
      </if>
      <if test="scope != null">
        Scope,
      </if>
      <if test="recordtype != null">
        RecordType,
      </if>
      <if test="delmark != null">
        DelMark,
      </if>
    </trim>
    <trim prefix="values (" suffix=")" suffixOverrides=",">
      <if test="id != null">
        #{id,jdbcType=INTEGER},
      </if>
      <if test="name != null">
        #{name,jdbcType=VARCHAR},
      </if>
      <if test="userid != null">
        #{userid,jdbcType=INTEGER},
      </if>
      <if test="creationtime != null">
        #{creationtime,jdbcType=TIMESTAMP},
      </if>
      <if test="scope != null">
        #{scope,jdbcType=CHAR},
      </if>
      <if test="recordtype != null">
        #{recordtype,jdbcType=INTEGER},
      </if>
      <if test="delmark != null">
        #{delmark,jdbcType=INTEGER},
      </if>
    </trim>
  </insert>
  <update id="updateByPrimaryKeySelective" parameterType="cn.his.entity.CheckTemplate">
    update check_template
    <set>
      <if test="name != null">
        Name = #{name,jdbcType=VARCHAR},
      </if>
      <if test="userid != null">
        UserID = #{userid,jdbcType=INTEGER},
      </if>
      <if test="creationtime != null">
        CreationTime = #{creationtime,jdbcType=TIMESTAMP},
      </if>
      <if test="scope != null">
        Scope = #{scope,jdbcType=CHAR},
      </if>
      <if test="recordtype != null">
        RecordType = #{recordtype,jdbcType=INTEGER},
      </if>
      <if test="delmark != null">
        DelMark = #{delmark,jdbcType=INTEGER},
      </if>
    </set>
    where ID = #{id,jdbcType=INTEGER}
  </update>
  <update id="updateByPrimaryKey" parameterType="cn.his.entity.CheckTemplate">
    update check_template
    set Name = #{name,jdbcType=VARCHAR},
      UserID = #{userid,jdbcType=INTEGER},
      CreationTime = #{creationtime,jdbcType=TIMESTAMP},
      Scope = #{scope,jdbcType=CHAR},
      RecordType = #{recordtype,jdbcType=INTEGER},
      DelMark = #{delmark,jdbcType=INTEGER}
    where ID = #{id,jdbcType=INTEGER}
  </update>
</mapper>