<?xml version="1.0" encoding="UTF-8"?>
<!DOCTYPE mapper PUBLIC "-//mybatis.org//DTD Mapper 3.0//EN" "http://mybatis.org/dtd/mybatis-3-mapper.dtd">
<mapper namespace="cn.his.mapper.DiseCategoryMapper">
  <resultMap id="BaseResultMap" type="cn.his.entity.DiseCategory">
    <id column="ID" jdbcType="INTEGER" property="id" />
    <result column="DicaCode" jdbcType="VARCHAR" property="dicacode" />
    <result column="DicaName" jdbcType="VARCHAR" property="dicaname" />
    <result column="SequenceNo" jdbcType="INTEGER" property="sequenceno" />
    <result column="DicaType" jdbcType="INTEGER" property="dicatype" />
    <result column="DelMark" jdbcType="INTEGER" property="delmark" />
  </resultMap>
  <sql id="Base_Column_List">
    ID, DicaCode, DicaName, SequenceNo, DicaType, DelMark
  </sql>
  <select id="selectByPrimaryKey" parameterType="java.lang.Integer" resultMap="BaseResultMap">
    select 
    <include refid="Base_Column_List" />
    from dise_category
    where ID = #{id,jdbcType=INTEGER}
  </select>
  <delete id="deleteByPrimaryKey" parameterType="java.lang.Integer">
    delete from dise_category
    where ID = #{id,jdbcType=INTEGER}
  </delete>
  <insert id="insert" parameterType="cn.his.entity.DiseCategory">
    insert into dise_category (ID, DicaCode, DicaName, 
      SequenceNo, DicaType, DelMark
      )
    values (#{id,jdbcType=INTEGER}, #{dicacode,jdbcType=VARCHAR}, #{dicaname,jdbcType=VARCHAR}, 
      #{sequenceno,jdbcType=INTEGER}, #{dicatype,jdbcType=INTEGER}, #{delmark,jdbcType=INTEGER}
      )
  </insert>
  <insert id="insertSelective" parameterType="cn.his.entity.DiseCategory">
    insert into dise_category
    <trim prefix="(" suffix=")" suffixOverrides=",">
      <if test="id != null">
        ID,
      </if>
      <if test="dicacode != null">
        DicaCode,
      </if>
      <if test="dicaname != null">
        DicaName,
      </if>
      <if test="sequenceno != null">
        SequenceNo,
      </if>
      <if test="dicatype != null">
        DicaType,
      </if>
      <if test="delmark != null">
        DelMark,
      </if>
    </trim>
    <trim prefix="values (" suffix=")" suffixOverrides=",">
      <if test="id != null">
        #{id,jdbcType=INTEGER},
      </if>
      <if test="dicacode != null">
        #{dicacode,jdbcType=VARCHAR},
      </if>
      <if test="dicaname != null">
        #{dicaname,jdbcType=VARCHAR},
      </if>
      <if test="sequenceno != null">
        #{sequenceno,jdbcType=INTEGER},
      </if>
      <if test="dicatype != null">
        #{dicatype,jdbcType=INTEGER},
      </if>
      <if test="delmark != null">
        #{delmark,jdbcType=INTEGER},
      </if>
    </trim>
  </insert>
  <update id="updateByPrimaryKeySelective" parameterType="cn.his.entity.DiseCategory">
    update dise_category
    <set>
      <if test="dicacode != null">
        DicaCode = #{dicacode,jdbcType=VARCHAR},
      </if>
      <if test="dicaname != null">
        DicaName = #{dicaname,jdbcType=VARCHAR},
      </if>
      <if test="sequenceno != null">
        SequenceNo = #{sequenceno,jdbcType=INTEGER},
      </if>
      <if test="dicatype != null">
        DicaType = #{dicatype,jdbcType=INTEGER},
      </if>
      <if test="delmark != null">
        DelMark = #{delmark,jdbcType=INTEGER},
      </if>
    </set>
    where ID = #{id,jdbcType=INTEGER}
  </update>
  <update id="updateByPrimaryKey" parameterType="cn.his.entity.DiseCategory">
    update dise_category
    set DicaCode = #{dicacode,jdbcType=VARCHAR},
      DicaName = #{dicaname,jdbcType=VARCHAR},
      SequenceNo = #{sequenceno,jdbcType=INTEGER},
      DicaType = #{dicatype,jdbcType=INTEGER},
      DelMark = #{delmark,jdbcType=INTEGER}
    where ID = #{id,jdbcType=INTEGER}
  </update>
</mapper>