<?xml version="1.0" encoding="UTF-8"?>
<!DOCTYPE mapper PUBLIC "-//mybatis.org//DTD Mapper 3.0//EN" "http://mybatis.org/dtd/mybatis-3-mapper.dtd">
<mapper namespace="cn.his.mapper.DrugsMapper">
  <resultMap id="BaseResultMap" type="cn.his.entity.Drugs">
    <id column="ID" jdbcType="INTEGER" property="id" />
    <result column="DrugsCode" jdbcType="CHAR" property="drugscode" />
    <result column="DrugsName" jdbcType="VARCHAR" property="drugsname" />
    <result column="DrugsFormat" jdbcType="VARCHAR" property="drugsformat" />
    <result column="DrugsUnit" jdbcType="VARCHAR" property="drugsunit" />
    <result column="Manufacturer" jdbcType="VARCHAR" property="manufacturer" />
    <result column="DrugsDosageID" jdbcType="INTEGER" property="drugsdosageid" />
    <result column="DrugsTypeID" jdbcType="INTEGER" property="drugstypeid" />
    <result column="DrugsPrice" jdbcType="DECIMAL" property="drugsprice" />
    <result column="MnemonicCode" jdbcType="VARCHAR" property="mnemoniccode" />
    <result column="CreationDate" jdbcType="TIMESTAMP" property="creationdate" />
    <result column="LastUpdateDate" jdbcType="TIMESTAMP" property="lastupdatedate" />
    <result column="DelMark" jdbcType="INTEGER" property="delmark" />
  </resultMap>
  <sql id="Base_Column_List">
    ID, DrugsCode, DrugsName, DrugsFormat, DrugsUnit, Manufacturer, DrugsDosageID, DrugsTypeID, 
    DrugsPrice, MnemonicCode, CreationDate, LastUpdateDate, DelMark
  </sql>
  <select id="selectByPrimaryKey" parameterType="java.lang.Integer" resultMap="BaseResultMap">
    select 
    <include refid="Base_Column_List" />
    from drugs
    where ID = #{id,jdbcType=INTEGER}
  </select>
  <delete id="deleteByPrimaryKey" parameterType="java.lang.Integer">
    delete from drugs
    where ID = #{id,jdbcType=INTEGER}
  </delete>
  <insert id="insert" parameterType="cn.his.entity.Drugs">
    insert into drugs (ID, DrugsCode, DrugsName, 
      DrugsFormat, DrugsUnit, Manufacturer, 
      DrugsDosageID, DrugsTypeID, DrugsPrice, 
      MnemonicCode, CreationDate, LastUpdateDate, 
      DelMark)
    values (#{id,jdbcType=INTEGER}, #{drugscode,jdbcType=CHAR}, #{drugsname,jdbcType=VARCHAR}, 
      #{drugsformat,jdbcType=VARCHAR}, #{drugsunit,jdbcType=VARCHAR}, #{manufacturer,jdbcType=VARCHAR}, 
      #{drugsdosageid,jdbcType=INTEGER}, #{drugstypeid,jdbcType=INTEGER}, #{drugsprice,jdbcType=DECIMAL}, 
      #{mnemoniccode,jdbcType=VARCHAR}, #{creationdate,jdbcType=TIMESTAMP}, #{lastupdatedate,jdbcType=TIMESTAMP}, 
      #{delmark,jdbcType=INTEGER})
  </insert>
  <insert id="insertSelective" parameterType="cn.his.entity.Drugs">
    insert into drugs
    <trim prefix="(" suffix=")" suffixOverrides=",">
      <if test="id != null">
        ID,
      </if>
      <if test="drugscode != null">
        DrugsCode,
      </if>
      <if test="drugsname != null">
        DrugsName,
      </if>
      <if test="drugsformat != null">
        DrugsFormat,
      </if>
      <if test="drugsunit != null">
        DrugsUnit,
      </if>
      <if test="manufacturer != null">
        Manufacturer,
      </if>
      <if test="drugsdosageid != null">
        DrugsDosageID,
      </if>
      <if test="drugstypeid != null">
        DrugsTypeID,
      </if>
      <if test="drugsprice != null">
        DrugsPrice,
      </if>
      <if test="mnemoniccode != null">
        MnemonicCode,
      </if>
      <if test="creationdate != null">
        CreationDate,
      </if>
      <if test="lastupdatedate != null">
        LastUpdateDate,
      </if>
      <if test="delmark != null">
        DelMark,
      </if>
    </trim>
    <trim prefix="values (" suffix=")" suffixOverrides=",">
      <if test="id != null">
        #{id,jdbcType=INTEGER},
      </if>
      <if test="drugscode != null">
        #{drugscode,jdbcType=CHAR},
      </if>
      <if test="drugsname != null">
        #{drugsname,jdbcType=VARCHAR},
      </if>
      <if test="drugsformat != null">
        #{drugsformat,jdbcType=VARCHAR},
      </if>
      <if test="drugsunit != null">
        #{drugsunit,jdbcType=VARCHAR},
      </if>
      <if test="manufacturer != null">
        #{manufacturer,jdbcType=VARCHAR},
      </if>
      <if test="drugsdosageid != null">
        #{drugsdosageid,jdbcType=INTEGER},
      </if>
      <if test="drugstypeid != null">
        #{drugstypeid,jdbcType=INTEGER},
      </if>
      <if test="drugsprice != null">
        #{drugsprice,jdbcType=DECIMAL},
      </if>
      <if test="mnemoniccode != null">
        #{mnemoniccode,jdbcType=VARCHAR},
      </if>
      <if test="creationdate != null">
        #{creationdate,jdbcType=TIMESTAMP},
      </if>
      <if test="lastupdatedate != null">
        #{lastupdatedate,jdbcType=TIMESTAMP},
      </if>
      <if test="delmark != null">
        #{delmark,jdbcType=INTEGER},
      </if>
    </trim>
  </insert>
  <update id="updateByPrimaryKeySelective" parameterType="cn.his.entity.Drugs">
    update drugs
    <set>
      <if test="drugscode != null">
        DrugsCode = #{drugscode,jdbcType=CHAR},
      </if>
      <if test="drugsname != null">
        DrugsName = #{drugsname,jdbcType=VARCHAR},
      </if>
      <if test="drugsformat != null">
        DrugsFormat = #{drugsformat,jdbcType=VARCHAR},
      </if>
      <if test="drugsunit != null">
        DrugsUnit = #{drugsunit,jdbcType=VARCHAR},
      </if>
      <if test="manufacturer != null">
        Manufacturer = #{manufacturer,jdbcType=VARCHAR},
      </if>
      <if test="drugsdosageid != null">
        DrugsDosageID = #{drugsdosageid,jdbcType=INTEGER},
      </if>
      <if test="drugstypeid != null">
        DrugsTypeID = #{drugstypeid,jdbcType=INTEGER},
      </if>
      <if test="drugsprice != null">
        DrugsPrice = #{drugsprice,jdbcType=DECIMAL},
      </if>
      <if test="mnemoniccode != null">
        MnemonicCode = #{mnemoniccode,jdbcType=VARCHAR},
      </if>
      <if test="creationdate != null">
        CreationDate = #{creationdate,jdbcType=TIMESTAMP},
      </if>
      <if test="lastupdatedate != null">
        LastUpdateDate = #{lastupdatedate,jdbcType=TIMESTAMP},
      </if>
      <if test="delmark != null">
        DelMark = #{delmark,jdbcType=INTEGER},
      </if>
    </set>
    where ID = #{id,jdbcType=INTEGER}
  </update>
  <update id="updateByPrimaryKey" parameterType="cn.his.entity.Drugs">
    update drugs
    set DrugsCode = #{drugscode,jdbcType=CHAR},
      DrugsName = #{drugsname,jdbcType=VARCHAR},
      DrugsFormat = #{drugsformat,jdbcType=VARCHAR},
      DrugsUnit = #{drugsunit,jdbcType=VARCHAR},
      Manufacturer = #{manufacturer,jdbcType=VARCHAR},
      DrugsDosageID = #{drugsdosageid,jdbcType=INTEGER},
      DrugsTypeID = #{drugstypeid,jdbcType=INTEGER},
      DrugsPrice = #{drugsprice,jdbcType=DECIMAL},
      MnemonicCode = #{mnemoniccode,jdbcType=VARCHAR},
      CreationDate = #{creationdate,jdbcType=TIMESTAMP},
      LastUpdateDate = #{lastupdatedate,jdbcType=TIMESTAMP},
      DelMark = #{delmark,jdbcType=INTEGER}
    where ID = #{id,jdbcType=INTEGER}
  </update>
</mapper>