<?xml version="1.0" encoding="UTF-8"?>
<!DOCTYPE mapper PUBLIC "-//mybatis.org//DTD Mapper 3.0//EN" "http://mybatis.org/dtd/mybatis-3-mapper.dtd">
<mapper namespace="cn.his.mapper.FmedItemMapper">
  <resultMap id="BaseResultMap" type="cn.his.entity.FmedItem">
    <id column="ID" jdbcType="INTEGER" property="id" />
    <result column="ItemCode" jdbcType="VARCHAR" property="itemcode" />
    <result column="ItemName" jdbcType="VARCHAR" property="itemname" />
    <result column="Format" jdbcType="VARCHAR" property="format" />
    <result column="Price" jdbcType="DECIMAL" property="price" />
    <result column="ExpClassID" jdbcType="INTEGER" property="expclassid" />
    <result column="DeptID" jdbcType="INTEGER" property="deptid" />
    <result column="MnemonicCode" jdbcType="VARCHAR" property="mnemoniccode" />
    <result column="CreationDate" jdbcType="TIMESTAMP" property="creationdate" />
    <result column="LastUpdateDate" jdbcType="TIMESTAMP" property="lastupdatedate" />
    <result column="RecordType" jdbcType="INTEGER" property="recordtype" />
    <result column="DelMark" jdbcType="INTEGER" property="delmark" />
  </resultMap>
  <sql id="Base_Column_List">
    ID, ItemCode, ItemName, Format, Price, ExpClassID, DeptID, MnemonicCode, CreationDate, 
    LastUpdateDate, RecordType, DelMark
  </sql>
  <select id="selectByName" parameterType="java.lang.Integer" resultMap="BaseResultMap">
    select 
    <include refid="Base_Column_List" />
    from fmed_item
    <where>
      <if test="itemname!=null">
        ItemName like "%"#{itemname,jdbcType=VARCHAR}"%"
      </if>
      And DelMark=1
    </where>
  </select>
  <delete id="deleteByPrimaryKey" parameterType="java.lang.Integer">
    delete from fmed_item
    where ID = #{id,jdbcType=INTEGER}
  </delete>
  <insert id="insert" parameterType="cn.his.entity.FmedItem">
    insert into fmed_item (ItemCode, ItemName,
      Format, Price, ExpClassID, 
      DeptID, MnemonicCode, CreationDate, 
      LastUpdateDate, RecordType, DelMark
      )
    values (#{itemcode,jdbcType=VARCHAR}, #{itemname,jdbcType=VARCHAR},
      #{format,jdbcType=VARCHAR}, #{price,jdbcType=DECIMAL}, #{expclassid,jdbcType=INTEGER}, 
      #{deptid,jdbcType=INTEGER}, #{mnemoniccode,jdbcType=VARCHAR}, now(),
      now(), #{recordtype,jdbcType=INTEGER}, 1
      )
  </insert>
  <insert id="insertSelective" parameterType="cn.his.entity.FmedItem">
    insert into fmed_item
    <trim prefix="(" suffix=")" suffixOverrides=",">
      <if test="id != null">
        ID,
      </if>
      <if test="itemcode != null">
        ItemCode,
      </if>
      <if test="itemname != null">
        ItemName,
      </if>
      <if test="format != null">
        Format,
      </if>
      <if test="price != null">
        Price,
      </if>
      <if test="expclassid != null">
        ExpClassID,
      </if>
      <if test="deptid != null">
        DeptID,
      </if>
      <if test="mnemoniccode != null">
        MnemonicCode,
      </if>
      <if test="creationdate != null">
        CreationDate,
      </if>
      <if test="lastupdatedate != null">
        LastUpdateDate,
      </if>
      <if test="recordtype != null">
        RecordType,
      </if>
      <if test="delmark != null">
        DelMark,
      </if>
    </trim>
    <trim prefix="values (" suffix=")" suffixOverrides=",">
      <if test="id != null">
        #{id,jdbcType=INTEGER},
      </if>
      <if test="itemcode != null">
        #{itemcode,jdbcType=VARCHAR},
      </if>
      <if test="itemname != null">
        #{itemname,jdbcType=VARCHAR},
      </if>
      <if test="format != null">
        #{format,jdbcType=VARCHAR},
      </if>
      <if test="price != null">
        #{price,jdbcType=DECIMAL},
      </if>
      <if test="expclassid != null">
        #{expclassid,jdbcType=INTEGER},
      </if>
      <if test="deptid != null">
        #{deptid,jdbcType=INTEGER},
      </if>
      <if test="mnemoniccode != null">
        #{mnemoniccode,jdbcType=VARCHAR},
      </if>
      <if test="creationdate != null">
        #{creationdate,jdbcType=TIMESTAMP},
      </if>
      <if test="lastupdatedate != null">
        #{lastupdatedate,jdbcType=TIMESTAMP},
      </if>
      <if test="recordtype != null">
        #{recordtype,jdbcType=INTEGER},
      </if>
      <if test="delmark != null">
        #{delmark,jdbcType=INTEGER},
      </if>
    </trim>
  </insert>
  <update id="updateByPrimaryKeySelective" parameterType="cn.his.entity.FmedItem">
    update fmed_item
    <set>
      <if test="itemcode != null">
        ItemCode = #{itemcode,jdbcType=VARCHAR},
      </if>
      <if test="itemname != null">
        ItemName = #{itemname,jdbcType=VARCHAR},
      </if>
      <if test="format != null">
        Format = #{format,jdbcType=VARCHAR},
      </if>
      <if test="price != null">
        Price = #{price,jdbcType=DECIMAL},
      </if>
      <if test="expclassid != null">
        ExpClassID = #{expclassid,jdbcType=INTEGER},
      </if>
      <if test="deptid != null">
        DeptID = #{deptid,jdbcType=INTEGER},
      </if>
      <if test="mnemoniccode != null">
        MnemonicCode = #{mnemoniccode,jdbcType=VARCHAR},
      </if>
      <if test="creationdate != null">
        CreationDate = #{creationdate,jdbcType=TIMESTAMP},
      </if>
      <if test="lastupdatedate != null">
        LastUpdateDate = #{lastupdatedate,jdbcType=TIMESTAMP},
      </if>
      <if test="recordtype != null">
        RecordType = #{recordtype,jdbcType=INTEGER},
      </if>
      <if test="delmark != null">
        DelMark = #{delmark,jdbcType=INTEGER},
      </if>
    </set>
    where ID = #{id,jdbcType=INTEGER}
  </update>
  <update id="updateById" parameterType="cn.his.entity.FmedItem">
    update fmed_item
    set ItemCode = #{itemcode,jdbcType=VARCHAR},
      ItemName = #{itemname,jdbcType=VARCHAR},
      Format = #{format,jdbcType=VARCHAR},
      Price = #{price,jdbcType=DECIMAL},
      ExpClassID = #{expclassid,jdbcType=INTEGER},
      DeptID = #{deptid,jdbcType=INTEGER},
      MnemonicCode = #{mnemoniccode,jdbcType=VARCHAR},
      LastUpdateDate = now(),
      RecordType = #{recordtype,jdbcType=INTEGER},
      DelMark = 1
    where ID = #{id,jdbcType=INTEGER}
  </update>

  <update id="deleteById" parameterType="cn.his.entity.FmedItem">
    update fmed_item
    set
      DelMark =0
    where ID = #{id,jdbcType=INTEGER}
  </update>
</mapper>