<?xml version="1.0" encoding="UTF-8"?>
<!DOCTYPE mapper PUBLIC "-//mybatis.org//DTD Mapper 3.0//EN" "http://mybatis.org/dtd/mybatis-3-mapper.dtd">
<mapper namespace="cn.his.mapper.MedicalDiseaseMapper">
  <resultMap id="BaseResultMap" type="cn.his.entity.MedicalDisease">
    <id column="ID" jdbcType="INTEGER" property="id" />
    <result column="MedicalID" jdbcType="INTEGER" property="medicalid" />
    <result column="RegistID" jdbcType="INTEGER" property="registid" />
    <result column="DiseaseID" jdbcType="INTEGER" property="diseaseid" />
    <result column="DiagnoseType" jdbcType="INTEGER" property="diagnosetype" />
    <result column="GetSiskDate" jdbcType="TIMESTAMP" property="getsiskdate" />
    <result column="DiagnoseCate" jdbcType="INTEGER" property="diagnosecate" />
  </resultMap>
  <sql id="Base_Column_List">
    ID, MedicalID, RegistID, DiseaseID, DiagnoseType, GetSiskDate, DiagnoseCate
  </sql>
  <select id="selectByPrimaryKey" parameterType="java.lang.Integer" resultMap="BaseResultMap">
    select 
    <include refid="Base_Column_List" />
    from medical_disease
    where ID = #{id,jdbcType=INTEGER}
  </select>
  <delete id="deleteByPrimaryKey" parameterType="java.lang.Integer">
    delete from medical_disease
    where ID = #{id,jdbcType=INTEGER}
  </delete>
  <insert id="insert" parameterType="cn.his.entity.MedicalDisease">
    insert into medical_disease (ID, MedicalID, RegistID, 
      DiseaseID, DiagnoseType, GetSiskDate, 
      DiagnoseCate)
    values (#{id,jdbcType=INTEGER}, #{medicalid,jdbcType=INTEGER}, #{registid,jdbcType=INTEGER}, 
      #{diseaseid,jdbcType=INTEGER}, #{diagnosetype,jdbcType=INTEGER}, #{getsiskdate,jdbcType=TIMESTAMP}, 
      #{diagnosecate,jdbcType=INTEGER})
  </insert>
  <insert id="insertSelective" parameterType="cn.his.entity.MedicalDisease">
    insert into medical_disease
    <trim prefix="(" suffix=")" suffixOverrides=",">
      <if test="id != null">
        ID,
      </if>
      <if test="medicalid != null">
        MedicalID,
      </if>
      <if test="registid != null">
        RegistID,
      </if>
      <if test="diseaseid != null">
        DiseaseID,
      </if>
      <if test="diagnosetype != null">
        DiagnoseType,
      </if>
      <if test="getsiskdate != null">
        GetSiskDate,
      </if>
      <if test="diagnosecate != null">
        DiagnoseCate,
      </if>
    </trim>
    <trim prefix="values (" suffix=")" suffixOverrides=",">
      <if test="id != null">
        #{id,jdbcType=INTEGER},
      </if>
      <if test="medicalid != null">
        #{medicalid,jdbcType=INTEGER},
      </if>
      <if test="registid != null">
        #{registid,jdbcType=INTEGER},
      </if>
      <if test="diseaseid != null">
        #{diseaseid,jdbcType=INTEGER},
      </if>
      <if test="diagnosetype != null">
        #{diagnosetype,jdbcType=INTEGER},
      </if>
      <if test="getsiskdate != null">
        #{getsiskdate,jdbcType=TIMESTAMP},
      </if>
      <if test="diagnosecate != null">
        #{diagnosecate,jdbcType=INTEGER},
      </if>
    </trim>
  </insert>
  <update id="updateByPrimaryKeySelective" parameterType="cn.his.entity.MedicalDisease">
    update medical_disease
    <set>
      <if test="medicalid != null">
        MedicalID = #{medicalid,jdbcType=INTEGER},
      </if>
      <if test="registid != null">
        RegistID = #{registid,jdbcType=INTEGER},
      </if>
      <if test="diseaseid != null">
        DiseaseID = #{diseaseid,jdbcType=INTEGER},
      </if>
      <if test="diagnosetype != null">
        DiagnoseType = #{diagnosetype,jdbcType=INTEGER},
      </if>
      <if test="getsiskdate != null">
        GetSiskDate = #{getsiskdate,jdbcType=TIMESTAMP},
      </if>
      <if test="diagnosecate != null">
        DiagnoseCate = #{diagnosecate,jdbcType=INTEGER},
      </if>
    </set>
    where ID = #{id,jdbcType=INTEGER}
  </update>
  <update id="updateByPrimaryKey" parameterType="cn.his.entity.MedicalDisease">
    update medical_disease
    set MedicalID = #{medicalid,jdbcType=INTEGER},
      RegistID = #{registid,jdbcType=INTEGER},
      DiseaseID = #{diseaseid,jdbcType=INTEGER},
      DiagnoseType = #{diagnosetype,jdbcType=INTEGER},
      GetSiskDate = #{getsiskdate,jdbcType=TIMESTAMP},
      DiagnoseCate = #{diagnosecate,jdbcType=INTEGER}
    where ID = #{id,jdbcType=INTEGER}
  </update>
</mapper>