<?xml version="1.0" encoding="UTF-8"?>
<!DOCTYPE mapper PUBLIC "-//mybatis.org//DTD Mapper 3.0//EN" "http://mybatis.org/dtd/mybatis-3-mapper.dtd">
<mapper namespace="cn.his.mapper.PatientCostsMapper">
  <resultMap id="BaseResultMap" type="cn.his.entity.PatientCosts">
    <id column="ID" jdbcType="INTEGER" property="id" />
    <result column="RegistID" jdbcType="INTEGER" property="registid" />
    <result column="InvoiceID" jdbcType="INTEGER" property="invoiceid" />
    <result column="ItemID" jdbcType="INTEGER" property="itemid" />
    <result column="ItemType" jdbcType="INTEGER" property="itemtype" />
    <result column="Name" jdbcType="VARCHAR" property="name" />
    <result column="Price" jdbcType="DECIMAL" property="price" />
    <result column="Amount" jdbcType="DECIMAL" property="amount" />
    <result column="DeptID" jdbcType="INTEGER" property="deptid" />
    <result column="Createtime" jdbcType="TIMESTAMP" property="createtime" />
    <result column="CreateOperID" jdbcType="INTEGER" property="createoperid" />
    <result column="PayTime" jdbcType="TIMESTAMP" property="paytime" />
    <result column="RegisterID" jdbcType="INTEGER" property="registerid" />
    <result column="FeeType" jdbcType="INTEGER" property="feetype" />
    <result column="BackID" jdbcType="INTEGER" property="backid" />
  </resultMap>
  <sql id="Base_Column_List">
    ID, RegistID, InvoiceID, ItemID, ItemType, Name, Price, Amount, DeptID, Createtime, 
    CreateOperID, PayTime, RegisterID, FeeType, BackID
  </sql>
  <select id="selectByRegistID" parameterType="hashmap" resultMap="BaseResultMap">
    select 
    <include refid="Base_Column_List" />
    from patient_costs
    where RegistID = #{id,jdbcType=INTEGER}
    <if test="begin!=null and end!=null">
        and Createtime between #{begin} and #{end}
    </if>
  </select>

  <insert id="insertCApply" parameterType="cn.his.entity.PatientCosts">
    insert into patient_costs (RegistID, InvoiceID,
      ItemID, ItemType, Name,
      Price, Amount, DeptID,
      Createtime, CreateOperID, PayTime,
      RegisterID, FeeType, BackID
      )
    values ( #{registid,jdbcType=INTEGER}, #{invoiceid,jdbcType=INTEGER},
      #{itemid,jdbcType=INTEGER},#{itemtype,jdbcType=INTEGER}, #{name,jdbcType=VARCHAR},
      #{price,jdbcType=DECIMAL}, #{amount,jdbcType=DECIMAL}, #{deptid,jdbcType=INTEGER},
      #{createtime,jdbcType=TIMESTAMP}, #{createoperid,jdbcType=INTEGER}, now(),
      #{registerid,jdbcType=INTEGER}, #{feetype,jdbcType=INTEGER}, #{backid,jdbcType=INTEGER}
      )
  </insert>

  <insert id="insertMid" parameterType="cn.his.entity.PatientCosts">
    insert into patient_costs (RegistID, InvoiceID,
      ItemID, ItemType, Name,
      Price, Amount, DeptID,
      Createtime, CreateOperID, PayTime,
      RegisterID, FeeType, BackID
      )
    values ( #{registid,jdbcType=INTEGER}, #{invoiceid,jdbcType=INTEGER},
      #{itemid,jdbcType=INTEGER},#{itemtype,jdbcType=INTEGER}, #{name,jdbcType=VARCHAR},
      #{price,jdbcType=DECIMAL}, #{amount,jdbcType=DECIMAL},#{deptid,jdbcType=INTEGER},
      #{createtime,jdbcType=TIMESTAMP}, #{createoperid,jdbcType=INTEGER}, now(),
      #{registerid,jdbcType=INTEGER}, #{feetype,jdbcType=INTEGER}, #{backid,jdbcType=INTEGER}
      )
  </insert>

</mapper>