<?xml version="1.0" encoding="UTF-8"?>
<!DOCTYPE mapper PUBLIC "-//mybatis.org//DTD Mapper 3.0//EN" "http://mybatis.org/dtd/mybatis-3-mapper.dtd">
<mapper namespace="cn.his.mapper.PrescriptionDetailedMapper">
  <resultMap id="BaseResultMap" type="cn.his.entity.PrescriptionDetailed">
    <id column="ID" jdbcType="INTEGER" property="id" />
    <result column="PrescriptionID" jdbcType="INTEGER" property="prescriptionid" />
    <result column="DrugsID" jdbcType="INTEGER" property="drugsid" />
    <result column="DrugsUsage" jdbcType="VARCHAR" property="drugsusage" />
    <result column="Dosage" jdbcType="VARCHAR" property="dosage" />
    <result column="Frequency" jdbcType="VARCHAR" property="frequency" />
    <result column="Amount" jdbcType="DECIMAL" property="amount" />
    <result column="State" jdbcType="INTEGER" property="state" />
  </resultMap>
  <sql id="Base_Column_List">
    ID, PrescriptionID, DrugsID, DrugsUsage, Dosage, Frequency, Amount, State
  </sql>
  <select id="selectByPrimaryKey" parameterType="java.lang.Integer" resultMap="BaseResultMap">
    select 
    <include refid="Base_Column_List" />
    from prescription_detailed
    where ID = #{id,jdbcType=INTEGER}
  </select>
  <delete id="deleteByPrimaryKey" parameterType="java.lang.Integer">
    delete from prescription_detailed
    where ID = #{id,jdbcType=INTEGER}
  </delete>
  <insert id="insert" parameterType="cn.his.entity.PrescriptionDetailed">
    insert into prescription_detailed (ID, PrescriptionID, DrugsID,
      DrugsUsage, Dosage, Frequency,
      Amount, State)
    values (#{id,jdbcType=INTEGER}, #{prescriptionid,jdbcType=INTEGER}, #{drugsid,jdbcType=INTEGER},
      #{drugsusage,jdbcType=VARCHAR}, #{dosage,jdbcType=VARCHAR}, #{frequency,jdbcType=VARCHAR},
      #{amount,jdbcType=DECIMAL}, #{state,jdbcType=INTEGER})
  </insert>
  <insert id="insertSelective" parameterType="cn.his.entity.PrescriptionDetailed">
    insert into prescription_detailed
    <trim prefix="(" suffix=")" suffixOverrides=",">
      <if test="id != null">
        ID,
      </if>
      <if test="prescriptionid != null">
        PrescriptionID,
      </if>
      <if test="drugsid != null">
        DrugsID,
      </if>
      <if test="drugsusage != null">
        DrugsUsage,
      </if>
      <if test="dosage != null">
        Dosage,
      </if>
      <if test="frequency != null">
        Frequency,
      </if>
      <if test="amount != null">
        Amount,
      </if>
      <if test="state != null">
        State,
      </if>
    </trim>
    <trim prefix="values (" suffix=")" suffixOverrides=",">
      <if test="id != null">
        #{id,jdbcType=INTEGER},
      </if>
      <if test="prescriptionid != null">
        #{prescriptionid,jdbcType=INTEGER},
      </if>
      <if test="drugsid != null">
        #{drugsid,jdbcType=INTEGER},
      </if>
      <if test="drugsusage != null">
        #{drugsusage,jdbcType=VARCHAR},
      </if>
      <if test="dosage != null">
        #{dosage,jdbcType=VARCHAR},
      </if>
      <if test="frequency != null">
        #{frequency,jdbcType=VARCHAR},
      </if>
      <if test="amount != null">
        #{amount,jdbcType=DECIMAL},
      </if>
      <if test="state != null">
        #{state,jdbcType=INTEGER},
      </if>
    </trim>
  </insert>
  <update id="updateByPrimaryKeySelective" parameterType="cn.his.entity.PrescriptionDetailed">
    update prescription_detailed
    <set>
      <if test="prescriptionid != null">
        PrescriptionID = #{prescriptionid,jdbcType=INTEGER},
      </if>
      <if test="drugsid != null">
        DrugsID = #{drugsid,jdbcType=INTEGER},
      </if>
      <if test="drugsusage != null">
        DrugsUsage = #{drugsusage,jdbcType=VARCHAR},
      </if>
      <if test="dosage != null">
        Dosage = #{dosage,jdbcType=VARCHAR},
      </if>
      <if test="frequency != null">
        Frequency = #{frequency,jdbcType=VARCHAR},
      </if>
      <if test="amount != null">
        Amount = #{amount,jdbcType=DECIMAL},
      </if>
      <if test="state != null">
        State = #{state,jdbcType=INTEGER},
      </if>
    </set>
    where ID = #{id,jdbcType=INTEGER}
  </update>
  <update id="updateState" parameterType="cn.his.entity.PrescriptionDetailed">
    update prescription_detailed
    set State =3
    where ID = #{id,jdbcType=INTEGER}
  </update>

  <update id="returnCost" parameterType="cn.his.entity.PrescriptionDetailed">
    update prescription_detailed
    set State =6
    where ID = #{id,jdbcType=INTEGER}
  </update>
</mapper>