<?xml version="1.0" encoding="UTF-8"?>
<!DOCTYPE mapper PUBLIC "-//mybatis.org//DTD Mapper 3.0//EN" "http://mybatis.org/dtd/mybatis-3-mapper.dtd">
<mapper namespace="cn.his.mapper.RegistLevelMapper">
  <resultMap id="BaseResultMap" type="cn.his.entity.RegistLevel">
    <id column="ID" jdbcType="INTEGER" property="id" />
    <result column="RegistCode" jdbcType="VARCHAR" property="registcode" />
    <result column="RegistName" jdbcType="VARCHAR" property="registname" />
    <result column="SequenceNo" jdbcType="INTEGER" property="sequenceno" />
    <result column="RegistFee" jdbcType="DECIMAL" property="registfee" />
    <result column="RegistQuota" jdbcType="INTEGER" property="registquota" />
    <result column="DelMark" jdbcType="INTEGER" property="delmark" />
  </resultMap>
  <sql id="Base_Column_List">
    ID, RegistCode, RegistName, SequenceNo, RegistFee, RegistQuota, DelMark
  </sql>
  <select id="selectRegLevel" parameterType="java.lang.Integer" resultMap="BaseResultMap">
    select 
    <include refid="Base_Column_List" />
    from regist_level
  </select>

</mapper>