<?xml version="1.0" encoding="UTF-8"?>
<!DOCTYPE mapper PUBLIC "-//mybatis.org//DTD Mapper 3.0//EN" "http://mybatis.org/dtd/mybatis-3-mapper.dtd">
<mapper namespace="cn.his.mapper.RuleMapper">
  <resultMap id="BaseResultMap" type="cn.his.entity.Rule">
    <id column="ID" jdbcType="INTEGER" property="id" />
    <result column="RuleName" jdbcType="VARCHAR" property="rulename" />
    <result column="DeptID" jdbcType="INTEGER" property="deptid" />
    <result column="UserID" jdbcType="INTEGER" property="userid" />
    <result column="Week" jdbcType="VARCHAR" property="week" />
    <result column="DelMark" jdbcType="INTEGER" property="delmark" />
  </resultMap>
  <sql id="Base_Column_List">
    ID, RuleName, DeptID, UserID, Week, DelMark
  </sql>
  <select id="selectByPrimaryKey" parameterType="java.lang.Integer" resultMap="BaseResultMap">
    select 
    <include refid="Base_Column_List" />
    from rule
    where ID = #{id,jdbcType=INTEGER}
  </select>
  <delete id="deleteByPrimaryKey" parameterType="java.lang.Integer">
    delete from rule
    where ID = #{id,jdbcType=INTEGER}
  </delete>
  <insert id="insert" parameterType="cn.his.entity.Rule">
    insert into rule (ID, RuleName, DeptID, 
      UserID, Week, DelMark
      )
    values (#{id,jdbcType=INTEGER}, #{rulename,jdbcType=VARCHAR}, #{deptid,jdbcType=INTEGER}, 
      #{userid,jdbcType=INTEGER}, #{week,jdbcType=VARCHAR}, #{delmark,jdbcType=INTEGER}
      )
  </insert>
  <insert id="insertSelective" parameterType="cn.his.entity.Rule">
    insert into rule
    <trim prefix="(" suffix=")" suffixOverrides=",">
      <if test="id != null">
        ID,
      </if>
      <if test="rulename != null">
        RuleName,
      </if>
      <if test="deptid != null">
        DeptID,
      </if>
      <if test="userid != null">
        UserID,
      </if>
      <if test="week != null">
        Week,
      </if>
      <if test="delmark != null">
        DelMark,
      </if>
    </trim>
    <trim prefix="values (" suffix=")" suffixOverrides=",">
      <if test="id != null">
        #{id,jdbcType=INTEGER},
      </if>
      <if test="rulename != null">
        #{rulename,jdbcType=VARCHAR},
      </if>
      <if test="deptid != null">
        #{deptid,jdbcType=INTEGER},
      </if>
      <if test="userid != null">
        #{userid,jdbcType=INTEGER},
      </if>
      <if test="week != null">
        #{week,jdbcType=VARCHAR},
      </if>
      <if test="delmark != null">
        #{delmark,jdbcType=INTEGER},
      </if>
    </trim>
  </insert>
  <update id="updateByPrimaryKeySelective" parameterType="cn.his.entity.Rule">
    update rule
    <set>
      <if test="rulename != null">
        RuleName = #{rulename,jdbcType=VARCHAR},
      </if>
      <if test="deptid != null">
        DeptID = #{deptid,jdbcType=INTEGER},
      </if>
      <if test="userid != null">
        UserID = #{userid,jdbcType=INTEGER},
      </if>
      <if test="week != null">
        Week = #{week,jdbcType=VARCHAR},
      </if>
      <if test="delmark != null">
        DelMark = #{delmark,jdbcType=INTEGER},
      </if>
    </set>
    where ID = #{id,jdbcType=INTEGER}
  </update>
  <update id="updateByPrimaryKey" parameterType="cn.his.entity.Rule">
    update rule
    set RuleName = #{rulename,jdbcType=VARCHAR},
      DeptID = #{deptid,jdbcType=INTEGER},
      UserID = #{userid,jdbcType=INTEGER},
      Week = #{week,jdbcType=VARCHAR},
      DelMark = #{delmark,jdbcType=INTEGER}
    where ID = #{id,jdbcType=INTEGER}
  </update>
</mapper>