<?xml version="1.0" encoding="UTF-8"?>
<!DOCTYPE mapper PUBLIC "-//mybatis.org//DTD Mapper 3.0//EN" "http://mybatis.org/dtd/mybatis-3-mapper.dtd">
<mapper namespace="cn.his.mapper.SettleCategoryMapper">
  <resultMap id="BaseResultMap" type="cn.his.entity.SettleCategory">
    <id column="ID" jdbcType="INTEGER" property="id" />
    <result column="SettleCode" jdbcType="VARCHAR" property="settlecode" />
    <result column="SettleName" jdbcType="VARCHAR" property="settlename" />
    <result column="SequenceNo" jdbcType="INTEGER" property="sequenceno" />
    <result column="DelMark" jdbcType="INTEGER" property="delmark" />
  </resultMap>
  <sql id="Base_Column_List">
    ID, SettleCode, SettleName, SequenceNo, DelMark
  </sql>
  <select id="selectRegSType" parameterType="java.lang.Integer" resultMap="BaseResultMap">
    select 
    <include refid="Base_Column_List" />
    from settle_category
  </select>

</mapper>