<?xml version="1.0" encoding="UTF-8"?>
<!DOCTYPE mapper PUBLIC "-//mybatis.org//DTD Mapper 3.0//EN" "http://mybatis.org/dtd/mybatis-3-mapper.dtd">
<mapper namespace="cn.job.mapper.CompanyMapper">
  <resultMap id="BaseResultMap" type="cn.job.entity.Company">
    <id column="id" jdbcType="INTEGER" property="id" />
    <result column="uid" jdbcType="INTEGER" property="uid" />
    <result column="comName" jdbcType="VARCHAR" property="comname" />
    <result column="comSize" jdbcType="VARCHAR" property="comsize" />
    <result column="comAddress" jdbcType="VARCHAR" property="comaddress" />
    <result column="comLevel" jdbcType="VARCHAR" property="comlevel" />
    <result column="comDetail" jdbcType="VARCHAR" property="comdetail" />
    <result column="comType" jdbcType="VARCHAR" property="comtype" />
    <result column="comPass" jdbcType="INTEGER" property="compass" />
  </resultMap>
  <sql id="Base_Column_List">
    id, uid, comName, comSize, comAddress, comLevel, comDetail, comType,comPass
  </sql>
  <select id="selectByUid" parameterType="java.lang.Integer" resultMap="BaseResultMap">
    select 
    <include refid="Base_Column_List" />
    from company
    where uid = #{uid,jdbcType=INTEGER}
  </select>
  <select id="selectById" parameterType="java.lang.Integer" resultMap="BaseResultMap">
    select
    <include refid="Base_Column_List" />
    from company
    where id = #{id,jdbcType=INTEGER}
  </select>
  <select id="selectByName" parameterType="java.lang.String" resultMap="BaseResultMap">
    select
    <include refid="Base_Column_List" />
    from company
    where comName like "%"#{comname}"%" or comType like "%"#{comname}"%" or comAddress like "%"#{comname}"%"
  </select>
  <delete id="deleteByPrimaryKey" parameterType="java.lang.Integer">
    delete from company
    where id = #{id,jdbcType=INTEGER}
  </delete>
  <insert id="insert" parameterType="cn.job.entity.Company">
    insert into company (uid, comName,
      comSize, comAddress, comLevel, 
      comDetail, comType,comPass)
    values (#{uid,jdbcType=INTEGER}, #{comname,jdbcType=VARCHAR},
      #{comsize,jdbcType=VARCHAR}, #{comaddress,jdbcType=VARCHAR}, #{comlevel,jdbcType=VARCHAR}, 
      #{comdetail,jdbcType=VARCHAR}, #{comtype,jdbcType=VARCHAR},1)
  </insert>
  <insert id="insertSelective" parameterType="cn.job.entity.Company">
    insert into company
    <trim prefix="(" suffix=")" suffixOverrides=",">
      <if test="id != null">
        id,
      </if>
      <if test="uid != null">
        uid,
      </if>
      <if test="comname != null">
        comName,
      </if>
      <if test="comsize != null">
        comSize,
      </if>
      <if test="comaddress != null">
        comAddress,
      </if>
      <if test="comlevel != null">
        comLevel,
      </if>
      <if test="comdetail != null">
        comDetail,
      </if>
      <if test="comtype != null">
        comType,
      </if>
    </trim>
    <trim prefix="values (" suffix=")" suffixOverrides=",">
      <if test="id != null">
        #{id,jdbcType=INTEGER},
      </if>
      <if test="uid != null">
        #{uid,jdbcType=INTEGER},
      </if>
      <if test="comname != null">
        #{comname,jdbcType=VARCHAR},
      </if>
      <if test="comsize != null">
        #{comsize,jdbcType=VARCHAR},
      </if>
      <if test="comaddress != null">
        #{comaddress,jdbcType=VARCHAR},
      </if>
      <if test="comlevel != null">
        #{comlevel,jdbcType=VARCHAR},
      </if>
      <if test="comdetail != null">
        #{comdetail,jdbcType=VARCHAR},
      </if>
      <if test="comtype != null">
        #{comtype,jdbcType=VARCHAR},
      </if>
    </trim>
  </insert>
  <update id="updateByPrimaryKeySelective" parameterType="cn.job.entity.Company">
    update company
    <set>
      <if test="uid != null">
        uid = #{uid,jdbcType=INTEGER},
      </if>
      <if test="comname != null">
        comName = #{comname,jdbcType=VARCHAR},
      </if>
      <if test="comsize != null">
        comSize = #{comsize,jdbcType=VARCHAR},
      </if>
      <if test="comaddress != null">
        comAddress = #{comaddress,jdbcType=VARCHAR},
      </if>
      <if test="comlevel != null">
        comLevel = #{comlevel,jdbcType=VARCHAR},
      </if>
      <if test="comdetail != null">
        comDetail = #{comdetail,jdbcType=VARCHAR},
      </if>
      <if test="comtype != null">
        comType = #{comtype,jdbcType=VARCHAR},
      </if>
    </set>
    where id = #{id,jdbcType=INTEGER}
  </update>
  <update id="updateByUid" parameterType="cn.job.entity.Company">
    update company
    set
      comName = #{comname,jdbcType=VARCHAR},
      comSize = #{comsize,jdbcType=VARCHAR},
      comAddress = #{comaddress,jdbcType=VARCHAR},
      comLevel = #{comlevel,jdbcType=VARCHAR},
      comDetail = #{comdetail,jdbcType=VARCHAR},
      comType = #{comtype,jdbcType=VARCHAR},
      comPass = #{compass,jdbcType=INTEGER}
    where uid = #{uid,jdbcType=INTEGER}
  </update>

  <update id="updateComPass" parameterType="java.lang.Integer">
    update company
    set
      comPass =1
    where uid = #{uid,jdbcType=INTEGER}
  </update>
</mapper>