<?xml version="1.0" encoding="UTF-8"?>
<!DOCTYPE mapper PUBLIC "-//mybatis.org//DTD Mapper 3.0//EN" "http://mybatis.org/dtd/mybatis-3-mapper.dtd">
<mapper namespace="cn.job.mapper.EduExperienceMapper">
  <resultMap id="BaseResultMap" type="cn.job.entity.EduExperience">
    <id column="id" jdbcType="INTEGER" property="id" />
    <result column="resId" jdbcType="INTEGER" property="resid" />
    <result column="begin" jdbcType="TIMESTAMP" property="begin" />
    <result column="end" jdbcType="TIMESTAMP" property="end" />
    <result column="schoolName" jdbcType="VARCHAR" property="schoolname" />
    <result column="majorName" jdbcType="VARCHAR" property="majorname" />
    <result column="degree" jdbcType="VARCHAR" property="degree" />
    <result column="detail" jdbcType="VARCHAR" property="detail" />
  </resultMap>
  <sql id="Base_Column_List">
    id, resId, begin, end, schoolName, majorName, degree, detail
  </sql>
  <select id="selectByResId" parameterType="java.lang.Integer" resultMap="BaseResultMap">
    select 
    <include refid="Base_Column_List" />
    from edu_experience
    where resId = #{resid,jdbcType=INTEGER}
  </select>
  <delete id="deleteById" parameterType="java.lang.Integer">
    delete from edu_experience
    where id = #{id,jdbcType=INTEGER}
  </delete>
  <insert id="insert" parameterType="cn.job.entity.EduExperience">
    insert into edu_experience (resId, begin,
      end, schoolName, majorName, 
      degree, detail)
    values (#{resid,jdbcType=INTEGER}, #{begin,jdbcType=TIMESTAMP},
      #{end,jdbcType=TIMESTAMP}, #{schoolname,jdbcType=VARCHAR}, #{majorname,jdbcType=VARCHAR}, 
      #{degree,jdbcType=VARCHAR}, #{detail,jdbcType=VARCHAR})
  </insert>
  <insert id="insertSelective" parameterType="cn.job.entity.EduExperience">
    insert into edu_experience
    <trim prefix="(" suffix=")" suffixOverrides=",">
      <if test="id != null">
        id,
      </if>
      <if test="resid != null">
        resId,
      </if>
      <if test="begin != null">
        begin,
      </if>
      <if test="end != null">
        end,
      </if>
      <if test="schoolname != null">
        schoolName,
      </if>
      <if test="majorname != null">
        majorName,
      </if>
      <if test="degree != null">
        degree,
      </if>
      <if test="detail != null">
        detail,
      </if>
    </trim>
    <trim prefix="values (" suffix=")" suffixOverrides=",">
      <if test="id != null">
        #{id,jdbcType=INTEGER},
      </if>
      <if test="resid != null">
        #{resid,jdbcType=INTEGER},
      </if>
      <if test="begin != null">
        #{begin,jdbcType=TIMESTAMP},
      </if>
      <if test="end != null">
        #{end,jdbcType=TIMESTAMP},
      </if>
      <if test="schoolname != null">
        #{schoolname,jdbcType=VARCHAR},
      </if>
      <if test="majorname != null">
        #{majorname,jdbcType=VARCHAR},
      </if>
      <if test="degree != null">
        #{degree,jdbcType=VARCHAR},
      </if>
      <if test="detail != null">
        #{detail,jdbcType=VARCHAR},
      </if>
    </trim>
  </insert>
  <update id="updateByPrimaryKeySelective" parameterType="cn.job.entity.EduExperience">
    update edu_experience
    <set>
      <if test="resid != null">
        resId = #{resid,jdbcType=INTEGER},
      </if>
      <if test="begin != null">
        begin = #{begin,jdbcType=TIMESTAMP},
      </if>
      <if test="end != null">
        end = #{end,jdbcType=TIMESTAMP},
      </if>
      <if test="schoolname != null">
        schoolName = #{schoolname,jdbcType=VARCHAR},
      </if>
      <if test="majorname != null">
        majorName = #{majorname,jdbcType=VARCHAR},
      </if>
      <if test="degree != null">
        degree = #{degree,jdbcType=VARCHAR},
      </if>
      <if test="detail != null">
        detail = #{detail,jdbcType=VARCHAR},
      </if>
    </set>
    where id = #{id,jdbcType=INTEGER}
  </update>
  <update id="updateById" parameterType="cn.job.entity.EduExperience">
    update edu_experience
    set
      begin = #{begin,jdbcType=TIMESTAMP},
      end = #{end,jdbcType=TIMESTAMP},
      schoolName = #{schoolname,jdbcType=VARCHAR},
      majorName = #{majorname,jdbcType=VARCHAR},
      degree = #{degree,jdbcType=VARCHAR},
      detail = #{detail,jdbcType=VARCHAR}
    where id = #{id,jdbcType=INTEGER}
  </update>
</mapper>