<?xml version="1.0" encoding="UTF-8"?>
<!DOCTYPE mapper PUBLIC "-//mybatis.org//DTD Mapper 3.0//EN" "http://mybatis.org/dtd/mybatis-3-mapper.dtd">
<mapper namespace="cn.job.mapper.JobforMapper">
  <resultMap id="BaseResultMap" type="cn.job.entity.Jobfor">
    <id column="id" jdbcType="INTEGER" property="id" />
    <result column="resId" jdbcType="INTEGER" property="resid" />
    <result column="hopeSalary" jdbcType="VARCHAR" property="hopesalary" />
    <result column="hopePlace" jdbcType="VARCHAR" property="hopeplace" />
    <result column="work" jdbcType="VARCHAR" property="work" />
    <result column="jobType" jdbcType="VARCHAR" property="jobtype" />
    <result column="workTime" jdbcType="VARCHAR" property="worktime" />
  </resultMap>
  <sql id="Base_Column_List">
    id, resId, hopeSalary, hopePlace, work, jobType, workTime
  </sql>
  <select id="selectByResId" parameterType="java.lang.Integer" resultMap="BaseResultMap">
    select 
    <include refid="Base_Column_List" />
    from jobfor
    where resId = #{resid,jdbcType=INTEGER}
  </select>
  <delete id="deleteById" parameterType="java.lang.Integer">
    delete from jobfor
    where id = #{id,jdbcType=INTEGER}
  </delete>
  <insert id="insert" parameterType="cn.job.entity.Jobfor">
    insert into jobfor (resId, hopeSalary,
      hopePlace, work, jobType, 
      workTime)
    values (#{resid,jdbcType=INTEGER}, #{hopesalary,jdbcType=VARCHAR},
      #{hopeplace,jdbcType=VARCHAR}, #{work,jdbcType=VARCHAR}, #{jobtype,jdbcType=VARCHAR}, 
      #{worktime,jdbcType=VARCHAR})
  </insert>
  <insert id="insertSelective" parameterType="cn.job.entity.Jobfor">
    insert into jobfor
    <trim prefix="(" suffix=")" suffixOverrides=",">
      <if test="id != null">
        id,
      </if>
      <if test="resid != null">
        resId,
      </if>
      <if test="hopesalary != null">
        hopeSalary,
      </if>
      <if test="hopeplace != null">
        hopePlace,
      </if>
      <if test="work != null">
        work,
      </if>
      <if test="jobtype != null">
        jobType,
      </if>
      <if test="worktime != null">
        workTime,
      </if>
    </trim>
    <trim prefix="values (" suffix=")" suffixOverrides=",">
      <if test="id != null">
        #{id,jdbcType=INTEGER},
      </if>
      <if test="resid != null">
        #{resid,jdbcType=INTEGER},
      </if>
      <if test="hopesalary != null">
        #{hopesalary,jdbcType=VARCHAR},
      </if>
      <if test="hopeplace != null">
        #{hopeplace,jdbcType=VARCHAR},
      </if>
      <if test="work != null">
        #{work,jdbcType=VARCHAR},
      </if>
      <if test="jobtype != null">
        #{jobtype,jdbcType=VARCHAR},
      </if>
      <if test="worktime != null">
        #{worktime,jdbcType=VARCHAR},
      </if>
    </trim>
  </insert>
  <update id="updateByPrimaryKeySelective" parameterType="cn.job.entity.Jobfor">
    update jobfor
    <set>
      <if test="resid != null">
        resId = #{resid,jdbcType=INTEGER},
      </if>
      <if test="hopesalary != null">
        hopeSalary = #{hopesalary,jdbcType=VARCHAR},
      </if>
      <if test="hopeplace != null">
        hopePlace = #{hopeplace,jdbcType=VARCHAR},
      </if>
      <if test="work != null">
        work = #{work,jdbcType=VARCHAR},
      </if>
      <if test="jobtype != null">
        jobType = #{jobtype,jdbcType=VARCHAR},
      </if>
      <if test="worktime != null">
        workTime = #{worktime,jdbcType=VARCHAR},
      </if>
    </set>
    where id = #{id,jdbcType=INTEGER}
  </update>
  <update id="updateById" parameterType="cn.job.entity.Jobfor">
    update jobfor
    set
      hopeSalary = #{hopesalary,jdbcType=VARCHAR},
      hopePlace = #{hopeplace,jdbcType=VARCHAR},
      work = #{work,jdbcType=VARCHAR},
      jobType = #{jobtype,jdbcType=VARCHAR},
      workTime = #{worktime,jdbcType=VARCHAR}
    where id = #{id,jdbcType=INTEGER}
  </update>
</mapper>