<?xml version="1.0" encoding="UTF-8"?>
<!DOCTYPE mapper PUBLIC "-//mybatis.org//DTD Mapper 3.0//EN" "http://mybatis.org/dtd/mybatis-3-mapper.dtd">
<mapper namespace="cn.job.mapper.JobMapper">
  <resultMap id="BaseResultMap" type="cn.job.entity.Job">
    <id column="id" jdbcType="INTEGER" property="id" />
    <result column="jobName" jdbcType="VARCHAR" property="jobname" />
    <result column="jobSalary" jdbcType="VARCHAR" property="jobsalary" />
    <result column="jobPlace" jdbcType="VARCHAR" property="jobplace" />
    <result column="jobRequire" jdbcType="VARCHAR" property="jobrequire" />
    <result column="degreeRequire" jdbcType="VARCHAR" property="degreerequire" />
    <result column="jobType" jdbcType="VARCHAR" property="jobtype" />
    <result column="keyWords" jdbcType="VARCHAR" property="keywords" />
    <result column="jobDetail" jdbcType="VARCHAR" property="jobdetail" />
    <result column="createTime" jdbcType="TIMESTAMP" property="createtime" />
    <result column="comID" jdbcType="INTEGER" property="comid" />
    <result column="delMark" jdbcType="INTEGER" property="delmark" />
  </resultMap>
  <sql id="Base_Column_List">
    id, jobName, jobSalary, jobPlace, jobRequire, degreeRequire, jobType, keyWords, jobDetail,
    createTime, comID,delMark
  </sql>
  <select id="selectByKeys" parameterType="java.lang.String" resultMap="BaseResultMap">
  select
  <include refid="Base_Column_List" />
  from job
  where jobName LIKE "%"#{keys}"%" or keyWords LIKE "%"#{keys}"%"
  </select>
  <select id="selectById" parameterType="java.lang.Integer" resultMap="BaseResultMap">
    select 
    <include refid="Base_Column_List" />
    from job
    where id = #{id,jdbcType=INTEGER}
  </select>
  <select id="selectBycomId" parameterType="java.lang.Integer" resultMap="BaseResultMap">
    select
    <include refid="Base_Column_List" />
    from job
    where comId = #{comid,jdbcType=INTEGER}
  </select>

  <delete id="deleteByPrimarykeyWords" parameterType="java.lang.Integer">
    delete from job
    where id = #{id,jdbcType=INTEGER}
  </delete>
  <insert id="insert" parameterType="cn.job.entity.Job">
    insert into job (jobName,jobSalary,
      jobPlace, jobRequire, degreeRequire, 
      jobType, keyWords, jobDetail,
      createTime, comID,delMark)
    values (#{jobname,jdbcType=VARCHAR}, #{jobsalary,jdbcType=VARCHAR},
      #{jobplace,jdbcType=VARCHAR}, #{jobrequire,jdbcType=VARCHAR}, #{degreerequire,jdbcType=VARCHAR}, 
      #{jobtype,jdbcType=VARCHAR}, #{keywords,jdbcType=VARCHAR}, #{jobdetail,jdbcType=VARCHAR},
      now(), #{comid,jdbcType=INTEGER},1)
  </insert>
  <insert id="insertSelective" parameterType="cn.job.entity.Job">
    insert into job
    <trim prefix="(" suffix=")" suffixOverrides=",">
      <if test="id != null">
        id,
      </if>
      <if test="jobname != null">
        jobName,
      </if>
      <if test="jobsalary != null">
        jobSalary,
      </if>
      <if test="jobplace != null">
        jobPlace,
      </if>
      <if test="jobrequire != null">
        jobRequire,
      </if>
      <if test="degreerequire != null">
        degreeRequire,
      </if>
      <if test="jobtype != null">
        jobType,
      </if>
      <if test="keyWords != null">
        keyWords,
      </if>
      <if test="jobdetail != null">
        jobDetail,
      </if>
      <if test="createtime != null">
        createTime,
      </if>
      <if test="comid != null">
        comID,
      </if>
    </trim>
    <trim prefix="values (" suffix=")" suffixOverrides=",">
      <if test="id != null">
        #{id,jdbcType=INTEGER},
      </if>
      <if test="jobname != null">
        #{jobname,jdbcType=VARCHAR},
      </if>
      <if test="jobsalary != null">
        #{jobsalary,jdbcType=VARCHAR},
      </if>
      <if test="jobplace != null">
        #{jobplace,jdbcType=VARCHAR},
      </if>
      <if test="jobrequire != null">
        #{jobrequire,jdbcType=VARCHAR},
      </if>
      <if test="degreerequire != null">
        #{degreerequire,jdbcType=VARCHAR},
      </if>
      <if test="jobtype != null">
        #{jobtype,jdbcType=VARCHAR},
      </if>
      <if test="keyWords != null">
        #{keyWords,jdbcType=VARCHAR},
      </if>
      <if test="jobdetail != null">
        #{jobdetail,jdbcType=VARCHAR},
      </if>
      <if test="createtime != null">
        #{createtime,jdbcType=TIMESTAMP},
      </if>
      <if test="comid != null">
        #{comid,jdbcType=INTEGER},
      </if>
    </trim>
  </insert>
  <update id="updateByPrimarykeyWordsSelective" parameterType="cn.job.entity.Job">
    update job
    <set>
      <if test="jobname != null">
        jobName = #{jobname,jdbcType=VARCHAR},
      </if>
      <if test="jobsalary != null">
        jobSalary = #{jobsalary,jdbcType=VARCHAR},
      </if>
      <if test="jobplace != null">
        jobPlace = #{jobplace,jdbcType=VARCHAR},
      </if>
      <if test="jobrequire != null">
        jobRequire = #{jobrequire,jdbcType=VARCHAR},
      </if>
      <if test="degreerequire != null">
        degreeRequire = #{degreerequire,jdbcType=VARCHAR},
      </if>
      <if test="jobtype != null">
        jobType = #{jobtype,jdbcType=VARCHAR},
      </if>
      <if test="keyWords != null">
        keyWords = #{keyWords,jdbcType=VARCHAR},
      </if>
      <if test="jobdetail != null">
        jobDetail = #{jobdetail,jdbcType=VARCHAR},
      </if>
      <if test="createtime != null">
        createTime = #{createtime,jdbcType=TIMESTAMP},
      </if>
      <if test="comid != null">
        comID = #{comid,jdbcType=INTEGER},
      </if>
    </set>
    where id = #{id,jdbcType=INTEGER}
  </update>
  <update id="updateById" parameterType="cn.job.entity.Job">
    update job
    set jobName = #{jobname,jdbcType=VARCHAR},
      jobSalary = #{jobsalary,jdbcType=VARCHAR},
      jobPlace = #{jobplace,jdbcType=VARCHAR},
      jobRequire = #{jobrequire,jdbcType=VARCHAR},
      degreeRequire = #{degreerequire,jdbcType=VARCHAR},
      jobType = #{jobtype,jdbcType=VARCHAR},
      keyWords = #{keyWords,jdbcType=VARCHAR},
      jobDetail = #{jobdetail,jdbcType=VARCHAR}
    where id = #{id,jdbcType=INTEGER}
  </update>
  <update id="delById" parameterType="java.lang.Integer">
    update job
    set
      delMark = 0
    where id = #{id,jdbcType=INTEGER}
  </update>
</mapper>