<?xml version="1.0" encoding="UTF-8"?>
<!DOCTYPE mapper PUBLIC "-//mybatis.org//DTD Mapper 3.0//EN" "http://mybatis.org/dtd/mybatis-3-mapper.dtd">
<mapper namespace="cn.job.mapper.ResumeMapper">
  <resultMap id="BaseResultMap" type="cn.job.entity.Resume">
    <id column="id" jdbcType="INTEGER" property="id" />
    <result column="resName" jdbcType="VARCHAR" property="resname" />
    <result column="uid" jdbcType="INTEGER" property="uid" />
    <result column="createTime" jdbcType="TIMESTAMP" property="createtime" />
  </resultMap>
  <sql id="Base_Column_List">
    id, resName, uid, createTime
  </sql>
  <select id="selectByUid" parameterType="java.lang.Integer" resultMap="BaseResultMap">
    select 
    <include refid="Base_Column_List" />
    from resume
    where uid = #{uid,jdbcType=INTEGER}
  </select>
  <select id="selectById" parameterType="java.lang.Integer" resultMap="BaseResultMap">
    select
    <include refid="Base_Column_List" />
    from resume
    where id = #{id,jdbcType=INTEGER}
  </select>
  <delete id="deleteByPrimaryKey" parameterType="java.lang.Integer">
    delete from resume
    where id = #{id,jdbcType=INTEGER}
  </delete>
  <insert id="insert" parameterType="cn.job.entity.Resume">
    insert into resume (resName, uid,
      createTime)
    values (#{resname,jdbcType=VARCHAR}, #{uid,jdbcType=INTEGER},
      now())
  </insert>
  <insert id="insertSelective" parameterType="cn.job.entity.Resume">
    insert into resume
    <trim prefix="(" suffix=")" suffixOverrides=",">
      <if test="id != null">
        id,
      </if>
      <if test="resname != null">
        resName,
      </if>
      <if test="uid != null">
        uid,
      </if>
      <if test="createtime != null">
        createTime,
      </if>
    </trim>
    <trim prefix="values (" suffix=")" suffixOverrides=",">
      <if test="id != null">
        #{id,jdbcType=INTEGER},
      </if>
      <if test="resname != null">
        #{resname,jdbcType=VARCHAR},
      </if>
      <if test="uid != null">
        #{uid,jdbcType=INTEGER},
      </if>
      <if test="createtime != null">
        #{createtime,jdbcType=TIMESTAMP},
      </if>
    </trim>
  </insert>
  <update id="updateByPrimaryKeySelective" parameterType="cn.job.entity.Resume">
    update resume
    <set>
      <if test="resname != null">
        resName = #{resname,jdbcType=VARCHAR},
      </if>
      <if test="uid != null">
        uid = #{uid,jdbcType=INTEGER},
      </if>
      <if test="createtime != null">
        createTime = #{createtime,jdbcType=TIMESTAMP},
      </if>
    </set>
    where id = #{id,jdbcType=INTEGER}
  </update>
  <update id="updateId" parameterType="cn.job.entity.Resume">
    update resume
    set resName = #{resname,jdbcType=VARCHAR}
    where id = #{id,jdbcType=INTEGER}
  </update>
</mapper>