<?xml version="1.0" encoding="UTF-8"?>
<!DOCTYPE mapper PUBLIC "-//mybatis.org//DTD Mapper 3.0//EN" "http://mybatis.org/dtd/mybatis-3-mapper.dtd">
<mapper namespace="cn.job.mapper.SchoolExperienceMapper">
  <resultMap id="BaseResultMap" type="cn.job.entity.SchoolExperience">
    <id column="id" jdbcType="INTEGER" property="id" />
    <result column="resId" jdbcType="INTEGER" property="resid" />
    <result column="begin" jdbcType="TIMESTAMP" property="begin" />
    <result column="end" jdbcType="TIMESTAMP" property="end" />
    <result column="name" jdbcType="VARCHAR" property="name" />
    <result column="detail" jdbcType="VARCHAR" property="detail" />
  </resultMap>
  <sql id="Base_Column_List">
    id, resId, begin, end, name, detail
  </sql>
  <select id="selectByResId" parameterType="java.lang.Integer" resultMap="BaseResultMap">
    select 
    <include refid="Base_Column_List" />
    from school_experience
    where resId = #{resid,jdbcType=INTEGER}
  </select>
  <delete id="deleteById" parameterType="java.lang.Integer">
    delete from school_experience
    where id = #{id,jdbcType=INTEGER}
  </delete>
  <insert id="insert" parameterType="cn.job.entity.SchoolExperience">
    insert into school_experience (resId, begin,
      end, name, detail
      )
    values ( #{resid,jdbcType=INTEGER}, #{begin,jdbcType=TIMESTAMP},
      #{end,jdbcType=TIMESTAMP}, #{name,jdbcType=VARCHAR}, #{detail,jdbcType=VARCHAR}
      )
  </insert>
  <insert id="insertSelective" parameterType="cn.job.entity.SchoolExperience">
    insert into school_experience
    <trim prefix="(" suffix=")" suffixOverrides=",">
      <if test="id != null">
        id,
      </if>
      <if test="resid != null">
        resId,
      </if>
      <if test="begin != null">
        begin,
      </if>
      <if test="end != null">
        end,
      </if>
      <if test="name != null">
        name,
      </if>
      <if test="detail != null">
        detail,
      </if>
    </trim>
    <trim prefix="values (" suffix=")" suffixOverrides=",">
      <if test="id != null">
        #{id,jdbcType=INTEGER},
      </if>
      <if test="resid != null">
        #{resid,jdbcType=INTEGER},
      </if>
      <if test="begin != null">
        #{begin,jdbcType=TIMESTAMP},
      </if>
      <if test="end != null">
        #{end,jdbcType=TIMESTAMP},
      </if>
      <if test="name != null">
        #{name,jdbcType=VARCHAR},
      </if>
      <if test="detail != null">
        #{detail,jdbcType=VARCHAR},
      </if>
    </trim>
  </insert>
  <update id="updateByPrimaryKeySelective" parameterType="cn.job.entity.SchoolExperience">
    update school_experience
    <set>
      <if test="resid != null">
        resId = #{resid,jdbcType=INTEGER},
      </if>
      <if test="begin != null">
        begin = #{begin,jdbcType=TIMESTAMP},
      </if>
      <if test="end != null">
        end = #{end,jdbcType=TIMESTAMP},
      </if>
      <if test="name != null">
        name = #{name,jdbcType=VARCHAR},
      </if>
      <if test="detail != null">
        detail = #{detail,jdbcType=VARCHAR},
      </if>
    </set>
    where id = #{id,jdbcType=INTEGER}
  </update>
  <update id="updateById" parameterType="cn.job.entity.SchoolExperience">
    update school_experience
    set
      begin = #{begin,jdbcType=TIMESTAMP},
      end = #{end,jdbcType=TIMESTAMP},
      name = #{name,jdbcType=VARCHAR},
      detail = #{detail,jdbcType=VARCHAR}
    where id = #{id,jdbcType=INTEGER}
  </update>
</mapper>