<?xml version="1.0" encoding="UTF-8"?>
<!DOCTYPE mapper PUBLIC "-//mybatis.org//DTD Mapper 3.0//EN" "http://mybatis.org/dtd/mybatis-3-mapper.dtd">
<mapper namespace="cn.job.mapper.SelfMapper">
  <resultMap id="BaseResultMap" type="cn.job.entity.Self">
    <id column="id" jdbcType="INTEGER" property="id" />
    <result column="resId" jdbcType="INTEGER" property="resid" />
    <result column="detail" jdbcType="VARCHAR" property="detail" />
  </resultMap>
  <sql id="Base_Column_List">
    id, resId, detail
  </sql>
  <select id="selectByResId" parameterType="java.lang.Integer" resultMap="BaseResultMap">
    select 
    <include refid="Base_Column_List" />
    from self
    where resId = #{resid,jdbcType=INTEGER}
  </select>
  <delete id="deleteById" parameterType="java.lang.Integer">
    delete from self
    where id = #{id,jdbcType=INTEGER}
  </delete>
  <insert id="insert" parameterType="cn.job.entity.Self">
    insert into self (resId, detail
      )
    values (#{resid,jdbcType=INTEGER}, #{detail,jdbcType=VARCHAR}
      )
  </insert>
  <insert id="insertSelective" parameterType="cn.job.entity.Self">
    insert into self
    <trim prefix="(" suffix=")" suffixOverrides=",">
      <if test="id != null">
        id,
      </if>
      <if test="resid != null">
        resId,
      </if>
      <if test="detail != null">
        detail,
      </if>
    </trim>
    <trim prefix="values (" suffix=")" suffixOverrides=",">
      <if test="id != null">
        #{id,jdbcType=INTEGER},
      </if>
      <if test="resid != null">
        #{resid,jdbcType=INTEGER},
      </if>
      <if test="detail != null">
        #{detail,jdbcType=VARCHAR},
      </if>
    </trim>
  </insert>
  <update id="updateByPrimaryKeySelective" parameterType="cn.job.entity.Self">
    update self
    <set>
      <if test="resid != null">
        resId = #{resid,jdbcType=INTEGER},
      </if>
      <if test="detail != null">
        detail = #{detail,jdbcType=VARCHAR},
      </if>
    </set>
    where id = #{id,jdbcType=INTEGER}
  </update>
  <update id="updateById" parameterType="cn.job.entity.Self">
    update self
    set
      detail = #{detail,jdbcType=VARCHAR}
    where id = #{id,jdbcType=INTEGER}
  </update>
</mapper>