<?xml version="1.0" encoding="UTF-8"?>
<!DOCTYPE mapper PUBLIC "-//mybatis.org//DTD Mapper 3.0//EN" "http://mybatis.org/dtd/mybatis-3-mapper.dtd">
<mapper namespace="cn.job.mapper.SendMapper">
  <resultMap id="BaseResultMap" type="cn.job.entity.Send">
    <id column="id" jdbcType="INTEGER" property="id" />
    <result column="jobId" jdbcType="INTEGER" property="jobid" />
    <result column="resId" jdbcType="INTEGER" property="resid" />
    <result column="state" jdbcType="VARCHAR" property="state" />
    <result column="sendTime" jdbcType="TIMESTAMP" property="sendtime" />
    <result column="updataTime" jdbcType="TIMESTAMP" property="updatatime" />
  </resultMap>
  <sql id="Base_Column_List">
    id, jobId, resId, state, sendTime, updataTime
  </sql>
  <select id="selectByResId" parameterType="cn.job.entity.Send" resultMap="BaseResultMap">
    select 
    <include refid="Base_Column_List" />
    from send
    <where>
       resid = #{resid,jdbcType=INTEGER}
      <if test="state !=null">
      and state = #{state,jdbcType=VARCHAR}
      </if>
    </where>
  </select>
  <select id="selectByJobId" parameterType="cn.job.entity.Send" resultMap="BaseResultMap">
    select
    <include refid="Base_Column_List" />
    from send
    <where>
      jobid = #{jobid,jdbcType=INTEGER}
      <if test="state !=null">
        and state = #{state,jdbcType=VARCHAR}
      </if>
    </where>
  </select>
  <delete id="deleteByPrimaryKey" parameterType="java.lang.Integer">
    delete from send
    where id = #{id,jdbcType=INTEGER}
  </delete>
  <insert id="insert" parameterType="cn.job.entity.Send">
    insert into send (jobId, resId,
      state, sendTime, updataTime
      )
    values (#{jobid,jdbcType=INTEGER}, #{resid,jdbcType=INTEGER},
      "已投递", now(), now()
      )
  </insert>
  <insert id="insertSelective" parameterType="cn.job.entity.Send">
    insert into send
    <trim prefix="(" suffix=")" suffixOverrides=",">
      <if test="id != null">
        id,
      </if>
      <if test="jobid != null">
        jobId,
      </if>
      <if test="resid != null">
        resId,
      </if>
      <if test="state != null">
        state,
      </if>
      <if test="sendtime != null">
        sendTime,
      </if>
      <if test="updatatime != null">
        updataTime,
      </if>
    </trim>
    <trim prefix="values (" suffix=")" suffixOverrides=",">
      <if test="id != null">
        #{id,jdbcType=INTEGER},
      </if>
      <if test="jobid != null">
        #{jobid,jdbcType=INTEGER},
      </if>
      <if test="resid != null">
        #{resid,jdbcType=INTEGER},
      </if>
      <if test="state != null">
        #{state,jdbcType=VARCHAR},
      </if>
      <if test="sendtime != null">
        #{sendtime,jdbcType=TIMESTAMP},
      </if>
      <if test="updatatime != null">
        #{updatatime,jdbcType=TIMESTAMP},
      </if>
    </trim>
  </insert>
  <update id="updateByPrimaryKeySelective" parameterType="cn.job.entity.Send">
    update send
    <set>
      <if test="jobid != null">
        jobId = #{jobid,jdbcType=INTEGER},
      </if>
      <if test="resid != null">
        resId = #{resid,jdbcType=INTEGER},
      </if>
      <if test="state != null">
        state = #{state,jdbcType=VARCHAR},
      </if>
      <if test="sendtime != null">
        sendTime = #{sendtime,jdbcType=TIMESTAMP},
      </if>
      <if test="updatatime != null">
        updataTime = #{updatatime,jdbcType=TIMESTAMP},
      </if>
    </set>
    where id = #{id,jdbcType=INTEGER}
  </update>
  <update id="updateById" parameterType="cn.job.entity.Send">
    update send
    set
      state = #{state,jdbcType=VARCHAR},
      updataTime = now()
    where id = #{id,jdbcType=INTEGER}
  </update>
</mapper>