<?xml version="1.0" encoding="UTF-8"?>
<!DOCTYPE mapper PUBLIC "-//mybatis.org//DTD Mapper 3.0//EN" "http://mybatis.org/dtd/mybatis-3-mapper.dtd">
<mapper namespace="cn.job.mapper.StudentMapper">
  <resultMap id="BaseResultMap" type="cn.job.entity.Student">
    <id column="id" jdbcType="INTEGER" property="id" />
    <result column="uid" jdbcType="INTEGER" property="uid" />
    <result column="realName" jdbcType="VARCHAR" property="realname" />
    <result column="idCard" jdbcType="VARCHAR" property="idcard" />
    <result column="phone" jdbcType="VARCHAR" property="phone" />
    <result column="email" jdbcType="VARCHAR" property="email" />
    <result column="sex" jdbcType="VARCHAR" property="sex" />
    <result column="bornDate" jdbcType="TIMESTAMP" property="borndate" />
    <result column="degree" jdbcType="VARCHAR" property="degree" />
    <result column="schoolName" jdbcType="VARCHAR" property="schoolname" />
    <result column="majorName" jdbcType="VARCHAR" property="majorname" />
    <result column="livePlace" jdbcType="VARCHAR" property="liveplace" />
  </resultMap>
  <sql id="Base_Column_List">
    id, uid, realName, idCard, phone, email, sex, bornDate, degree, schoolName, majorName,
    livePlace
  </sql>
  <select id="selectByUid" parameterType="java.lang.Integer" resultMap="BaseResultMap">
    select 
    <include refid="Base_Column_List" />
    from student
    where uid = #{uid,jdbcType=INTEGER}
  </select>
  <select id="selectById" parameterType="java.lang.Integer" resultMap="BaseResultMap">
    select
    <include refid="Base_Column_List" />
    from student
    where id = #{id,jdbcType=INTEGER}
  </select>
  <delete id="deleteByPrimaryKey" parameterType="java.lang.Integer">
    delete from student
    where id = #{id,jdbcType=INTEGER}
  </delete>
  <insert id="insert" parameterType="cn.job.entity.Student">
    insert into student (uid, realName,
      idCard, phone, email, 
      sex, bornDate, degree, 
      schoolName, majorName, livePlace
      )
    values (#{uid,jdbcType=INTEGER}, #{realname,jdbcType=VARCHAR},
      #{idcard,jdbcType=VARCHAR}, #{phone,jdbcType=VARCHAR}, #{email,jdbcType=VARCHAR}, 
      #{sex,jdbcType=VARCHAR}, #{borndate,jdbcType=TIMESTAMP}, #{degree,jdbcType=VARCHAR}, 
      #{schoolname,jdbcType=VARCHAR}, #{majorname,jdbcType=VARCHAR}, #{liveplace,jdbcType=VARCHAR}
      )
  </insert>
  <insert id="insertSelective" parameterType="cn.job.entity.Student">
    insert into student
    <trim prefix="(" suffix=")" suffixOverrides=",">
      <if test="id != null">
        id,
      </if>
      <if test="uid != null">
        uid,
      </if>
      <if test="realname != null">
        realName,
      </if>
      <if test="idcard != null">
        idCard,
      </if>
      <if test="phone != null">
        phone,
      </if>
      <if test="email != null">
        email,
      </if>
      <if test="sex != null">
        sex,
      </if>
      <if test="borndate != null">
        bornDate,
      </if>
      <if test="degree != null">
        degree,
      </if>
      <if test="schoolid != null">
        schoolId,
      </if>
      <if test="majorname != null">
        majorName,
      </if>
      <if test="liveplace != null">
        livePlace,
      </if>
    </trim>
    <trim prefix="values (" suffix=")" suffixOverrides=",">
      <if test="id != null">
        #{id,jdbcType=INTEGER},
      </if>
      <if test="uid != null">
        #{uid,jdbcType=INTEGER},
      </if>
      <if test="realname != null">
        #{realname,jdbcType=VARCHAR},
      </if>
      <if test="idcard != null">
        #{idcard,jdbcType=VARCHAR},
      </if>
      <if test="phone != null">
        #{phone,jdbcType=VARCHAR},
      </if>
      <if test="borndate != null">
        #{borndate,jdbcType=TIMESTAMP},
      </if>
      <if test="degree != null">
        #{degree,jdbcType=VARCHAR},
      </if>
      <if test="schoolid != null">
        #{schoolid,jdbcType=INTEGER},
      </if>
      <if test="majorname != null">
        #{majorname,jdbcType=VARCHAR},
      </if>
      <if test="liveplace != null">
        #{liveplace,jdbcType=VARCHAR},
      </if>
    </trim>
  </insert>
  <update id="updateByPrimaryKeySelective" parameterType="cn.job.entity.Student">
    update student
    <set>
      <if test="uid != null">
        uid = #{uid,jdbcType=INTEGER},
      </if>
      <if test="realname != null">
        realName = #{realname,jdbcType=VARCHAR},
      </if>
      <if test="idcard != null">
        idCard = #{idcard,jdbcType=VARCHAR},
      </if>
      <if test="phone != null">
        phone = #{phone,jdbcType=VARCHAR},
      </if>
      <if test="email != null">
        email = #{email,jdbcType=VARCHAR},
      </if>
      <if test="sex != null">
        sex = #{sex,jdbcType=VARCHAR},
      </if>
      <if test="borndate != null">
        bornDate = #{borndate,jdbcType=TIMESTAMP},
      </if>
      <if test="degree != null">
        degree = #{degree,jdbcType=VARCHAR},
      </if>
      <if test="schoolid != null">
        schoolId = #{schoolid,jdbcType=INTEGER},
      </if>
      <if test="majorname != null">
        majorName = #{majorname,jdbcType=VARCHAR},
      </if>
      <if test="liveplace != null">
        livePlace = #{liveplace,jdbcType=VARCHAR},
      </if>
    </set>
    where id = #{id,jdbcType=INTEGER}
  </update>
  <update id="updateByUId" parameterType="cn.job.entity.Student">
    update student
    set
      realName = #{realname,jdbcType=VARCHAR},
      idCard = #{idcard,jdbcType=VARCHAR},
      phone = #{phone,jdbcType=VARCHAR},
      email = #{email,jdbcType=VARCHAR},
      sex = #{sex,jdbcType=VARCHAR},
      bornDate = #{borndate,jdbcType=TIMESTAMP},
      degree = #{degree,jdbcType=VARCHAR},
      schoolName = #{schoolname,jdbcType=VARCHAR},
      majorName = #{majorname,jdbcType=VARCHAR},
      livePlace = #{liveplace,jdbcType=VARCHAR}
    where uid = #{uid,jdbcType=INTEGER}
  </update>
</mapper>