<?xml version="1.0" encoding="UTF-8"?>
<!DOCTYPE mapper PUBLIC "-//mybatis.org//DTD Mapper 3.0//EN" "http://mybatis.org/dtd/mybatis-3-mapper.dtd">
<mapper namespace="cn.job.mapper.TeachMapper">
  <resultMap id="BaseResultMap" type="cn.job.entity.Teach">
    <id column="id" jdbcType="INTEGER" property="id" />
    <result column="teachName" jdbcType="VARCHAR" property="teachname" />
    <result column="teachTime" jdbcType="TIMESTAMP" property="teachtime" />
    <result column="place" jdbcType="VARCHAR" property="place" />
    <result column="comId" jdbcType="INTEGER" property="comid" />
  </resultMap>
  <sql id="Base_Column_List">
    id, teachName, teachTime, place,comId
  </sql>
  <select id="selectByComId" parameterType="java.lang.Integer" resultMap="BaseResultMap">
    select 
    <include refid="Base_Column_List" />
    from teach
    where comId = #{comid,jdbcType=INTEGER}
  </select>
  <select id="selectByKeys" parameterType="java.lang.String" resultMap="BaseResultMap">
    select
    <include refid="Base_Column_List" />
    from teach
    where teachName LIKE "%"#{keys}"%"
  </select>
  <delete id="deleteById" parameterType="java.lang.Integer">
    delete from teach
    where id = #{id,jdbcType=INTEGER}
  </delete>
  <insert id="insert" parameterType="cn.job.entity.Teach">
    insert into teach (teachName, teachTime,
      place,comId)
    values (#{teachname,jdbcType=VARCHAR}, #{teachtime,jdbcType=TIMESTAMP},
      #{place,jdbcType=VARCHAR},#{comid,jdbcType=INTEGER})
  </insert>
  <insert id="insertSelective" parameterType="cn.job.entity.Teach">
    insert into teach
    <trim prefix="(" suffix=")" suffixOverrides=",">
      <if test="id != null">
        id,
      </if>
      <if test="teachname != null">
        teachName,
      </if>
      <if test="teachtime != null">
        teachTime,
      </if>
      <if test="place != null">
        place,
      </if>
    </trim>
    <trim prefix="values (" suffix=")" suffixOverrides=",">
      <if test="id != null">
        #{id,jdbcType=INTEGER},
      </if>
      <if test="teachname != null">
        #{teachname,jdbcType=VARCHAR},
      </if>
      <if test="teachtime != null">
        #{teachtime,jdbcType=TIMESTAMP},
      </if>
      <if test="place != null">
        #{place,jdbcType=VARCHAR},
      </if>
    </trim>
  </insert>
  <update id="updateByPrimaryKeySelective" parameterType="cn.job.entity.Teach">
    update teach
    <set>
      <if test="teachname != null">
        teachName = #{teachname,jdbcType=VARCHAR},
      </if>
      <if test="teachtime != null">
        teachTime = #{teachtime,jdbcType=TIMESTAMP},
      </if>
      <if test="place != null">
        place = #{place,jdbcType=VARCHAR},
      </if>
    </set>
    where id = #{id,jdbcType=INTEGER}
  </update>
  <update id="updateById" parameterType="cn.job.entity.Teach">
    update teach
    set teachName = #{teachname,jdbcType=VARCHAR},
      teachTime = #{teachtime,jdbcType=TIMESTAMP},
      place = #{place,jdbcType=VARCHAR}
    where id = #{id,jdbcType=INTEGER}
  </update>
</mapper>