<?xml version="1.0" encoding="UTF-8"?>
<!DOCTYPE mapper PUBLIC "-//mybatis.org//DTD Mapper 3.0//EN" "http://mybatis.org/dtd/mybatis-3-mapper.dtd">
<mapper namespace="cn.job.mapper.UserMapper">
  <resultMap id="BaseResultMap" type="cn.job.entity.User">
    <id column="id" jdbcType="INTEGER" property="id" />
    <result column="uname" jdbcType="VARCHAR" property="uname" />
    <result column="upwd" jdbcType="VARCHAR" property="upwd" />
    <result column="utype" jdbcType="VARCHAR" property="utype" />
    <result column="dmark" jdbcType="INTEGER" property="dmark" />
    <result column="createTime" jdbcType="TIMESTAMP" property="createtime" />
  </resultMap>
  <sql id="Base_Column_List">
    id, uname, upwd, utype, dmark,createTime
  </sql>
  <select id="selectUser" parameterType="java.lang.String" resultMap="BaseResultMap">
    select 
    <include refid="Base_Column_List" />
    from user
    where uname = #{uname,jdbcType=VARCHAR} and upwd = #{upwd,jdbcType=VARCHAR} and dmark=1
  </select>
  <delete id="deleteByPrimaryKey" parameterType="java.lang.Integer">
    delete from user
    where id = #{id,jdbcType=INTEGER}
  </delete>
  <insert id="insertStu" parameterType="cn.job.entity.User">
    insert into user (uname, upwd,
      utype, dmark,createTime)
    values (#{uname,jdbcType=VARCHAR}, #{upwd,jdbcType=VARCHAR},
      #{utype,jdbcType=VARCHAR}, #{dmark,jdbcType=INTEGER},now())
  </insert>
  <insert id="insertCom" parameterType="cn.job.entity.User">
    insert into user (uname, upwd,
      utype, dmark,createTime)
    values (#{uname,jdbcType=VARCHAR}, #{upwd,jdbcType=VARCHAR},
      #{utype,jdbcType=VARCHAR}, #{dmark,jdbcType=INTEGER},now())
  </insert>
  <insert id="insertSelective" parameterType="cn.job.entity.User">
    insert into user
    <trim prefix="(" suffix=")" suffixOverrides=",">
      <if test="id != null">
        id,
      </if>
      <if test="uname != null">
        uname,
      </if>
      <if test="upwd != null">
        upwd,
      </if>
      <if test="utype != null">
        utype,
      </if>
      <if test="dmark != null">
        dmark,
      </if>
    </trim>
    <trim prefix="values (" suffix=")" suffixOverrides=",">
      <if test="id != null">
        #{id,jdbcType=INTEGER},
      </if>
      <if test="uname != null">
        #{uname,jdbcType=VARCHAR},
      </if>
      <if test="upwd != null">
        #{upwd,jdbcType=VARCHAR},
      </if>
      <if test="utype != null">
        #{utype,jdbcType=VARCHAR},
      </if>
      <if test="dmark != null">
        #{dmark,jdbcType=INTEGER},
      </if>
    </trim>
  </insert>
  <update id="updateByPrimaryKeySelective" parameterType="cn.job.entity.User">
    update user
    <set>
      <if test="uname != null">
        uname = #{uname,jdbcType=VARCHAR},
      </if>
      <if test="upwd != null">
        upwd = #{upwd,jdbcType=VARCHAR},
      </if>
      <if test="utype != null">
        utype = #{utype,jdbcType=VARCHAR},
      </if>
      <if test="dmark != null">
        dmark = #{dmark,jdbcType=INTEGER},
      </if>
    </set>
    where id = #{id,jdbcType=INTEGER}
  </update>
  <update id="updateById" parameterType="cn.job.entity.User">
    update user
    set
      upwd = #{upwd,jdbcType=VARCHAR}
    where id = #{id,jdbcType=INTEGER}
  </update>
</mapper>