<?xml version="1.0" encoding="UTF-8"?>
<!DOCTYPE mapper PUBLIC "-//mybatis.org//DTD Mapper 3.0//EN" "http://mybatis.org/dtd/mybatis-3-mapper.dtd">
<mapper namespace="cn.his.mapper.HerbalTempDetailedMapper">
  <resultMap id="BaseResultMap" type="cn.his.entity.HerbalTempDetailed">
    <id column="ID" jdbcType="INTEGER" property="id" />
    <result column="HerbalTempID" jdbcType="INTEGER" property="herbaltempid" />
    <result column="HerbalID" jdbcType="INTEGER" property="herbalid" />
    <result column="Dosage" jdbcType="VARCHAR" property="dosage" />
    <result column="Unit" jdbcType="VARCHAR" property="unit" />
    <result column="Footnote" jdbcType="VARCHAR" property="footnote" />
  </resultMap>
  <sql id="Base_Column_List">
    ID, HerbalTempID, HerbalID, Dosage, Unit, Footnote
  </sql>
  <select id="selectByPrimaryKey" parameterType="java.lang.Integer" resultMap="BaseResultMap">
    select 
    <include refid="Base_Column_List" />
    from herbal_temp_detailed
    where ID = #{id,jdbcType=INTEGER}
  </select>
  <delete id="deleteByPrimaryKey" parameterType="java.lang.Integer">
    delete from herbal_temp_detailed
    where ID = #{id,jdbcType=INTEGER}
  </delete>
  <insert id="insert" parameterType="cn.his.entity.HerbalTempDetailed">
    insert into herbal_temp_detailed (ID, HerbalTempID, HerbalID, 
      Dosage, Unit, Footnote
      )
    values (#{id,jdbcType=INTEGER}, #{herbaltempid,jdbcType=INTEGER}, #{herbalid,jdbcType=INTEGER}, 
      #{dosage,jdbcType=VARCHAR}, #{unit,jdbcType=VARCHAR}, #{footnote,jdbcType=VARCHAR}
      )
  </insert>
  <insert id="insertSelective" parameterType="cn.his.entity.HerbalTempDetailed">
    insert into herbal_temp_detailed
    <trim prefix="(" suffix=")" suffixOverrides=",">
      <if test="id != null">
        ID,
      </if>
      <if test="herbaltempid != null">
        HerbalTempID,
      </if>
      <if test="herbalid != null">
        HerbalID,
      </if>
      <if test="dosage != null">
        Dosage,
      </if>
      <if test="unit != null">
        Unit,
      </if>
      <if test="footnote != null">
        Footnote,
      </if>
    </trim>
    <trim prefix="values (" suffix=")" suffixOverrides=",">
      <if test="id != null">
        #{id,jdbcType=INTEGER},
      </if>
      <if test="herbaltempid != null">
        #{herbaltempid,jdbcType=INTEGER},
      </if>
      <if test="herbalid != null">
        #{herbalid,jdbcType=INTEGER},
      </if>
      <if test="dosage != null">
        #{dosage,jdbcType=VARCHAR},
      </if>
      <if test="unit != null">
        #{unit,jdbcType=VARCHAR},
      </if>
      <if test="footnote != null">
        #{footnote,jdbcType=VARCHAR},
      </if>
    </trim>
  </insert>
  <update id="updateByPrimaryKeySelective" parameterType="cn.his.entity.HerbalTempDetailed">
    update herbal_temp_detailed
    <set>
      <if test="herbaltempid != null">
        HerbalTempID = #{herbaltempid,jdbcType=INTEGER},
      </if>
      <if test="herbalid != null">
        HerbalID = #{herbalid,jdbcType=INTEGER},
      </if>
      <if test="dosage != null">
        Dosage = #{dosage,jdbcType=VARCHAR},
      </if>
      <if test="unit != null">
        Unit = #{unit,jdbcType=VARCHAR},
      </if>
      <if test="footnote != null">
        Footnote = #{footnote,jdbcType=VARCHAR},
      </if>
    </set>
    where ID = #{id,jdbcType=INTEGER}
  </update>
  <update id="updateByPrimaryKey" parameterType="cn.his.entity.HerbalTempDetailed">
    update herbal_temp_detailed
    set HerbalTempID = #{herbaltempid,jdbcType=INTEGER},
      HerbalID = #{herbalid,jdbcType=INTEGER},
      Dosage = #{dosage,jdbcType=VARCHAR},
      Unit = #{unit,jdbcType=VARCHAR},
      Footnote = #{footnote,jdbcType=VARCHAR}
    where ID = #{id,jdbcType=INTEGER}
  </update>
</mapper>