<?xml version="1.0" encoding="UTF-8"?>
<!DOCTYPE mapper PUBLIC "-//mybatis.org//DTD Mapper 3.0//EN" "http://mybatis.org/dtd/mybatis-3-mapper.dtd">
<mapper namespace="cn.his.mapper.HerbalTemplateMapper">
  <resultMap id="BaseResultMap" type="cn.his.entity.HerbalTemplate">
    <id column="ID" jdbcType="INTEGER" property="id" />
    <result column="Name" jdbcType="VARCHAR" property="name" />
    <result column="DoctorID" jdbcType="INTEGER" property="doctorid" />
    <result column="CreationTime" jdbcType="TIMESTAMP" property="creationtime" />
    <result column="PrescriptioType" jdbcType="VARCHAR" property="prescriptiotype" />
    <result column="PayNumber" jdbcType="INTEGER" property="paynumber" />
    <result column="DrugsUsage" jdbcType="VARCHAR" property="drugsusage" />
    <result column="Therapy" jdbcType="VARCHAR" property="therapy" />
    <result column="Detailed" jdbcType="VARCHAR" property="detailed" />
    <result column="Advice" jdbcType="VARCHAR" property="advice" />
    <result column="Scope" jdbcType="VARCHAR" property="scope" />
    <result column="DelMark" jdbcType="INTEGER" property="delmark" />
  </resultMap>
  <sql id="Base_Column_List">
    ID, Name, DoctorID, CreationTime, PrescriptioType, PayNumber, DrugsUsage, Therapy, 
    Detailed, Advice, Scope, DelMark
  </sql>
  <select id="selectByPrimaryKey" parameterType="java.lang.Integer" resultMap="BaseResultMap">
    select 
    <include refid="Base_Column_List" />
    from herbal_template
    where ID = #{id,jdbcType=INTEGER}
  </select>
  <delete id="deleteByPrimaryKey" parameterType="java.lang.Integer">
    delete from herbal_template
    where ID = #{id,jdbcType=INTEGER}
  </delete>
  <insert id="insert" parameterType="cn.his.entity.HerbalTemplate">
    insert into herbal_template (ID, Name, DoctorID, 
      CreationTime, PrescriptioType, PayNumber, 
      DrugsUsage, Therapy, Detailed, 
      Advice, Scope, DelMark
      )
    values (#{id,jdbcType=INTEGER}, #{name,jdbcType=VARCHAR}, #{doctorid,jdbcType=INTEGER}, 
      #{creationtime,jdbcType=TIMESTAMP}, #{prescriptiotype,jdbcType=VARCHAR}, #{paynumber,jdbcType=INTEGER}, 
      #{drugsusage,jdbcType=VARCHAR}, #{therapy,jdbcType=VARCHAR}, #{detailed,jdbcType=VARCHAR}, 
      #{advice,jdbcType=VARCHAR}, #{scope,jdbcType=VARCHAR}, #{delmark,jdbcType=INTEGER}
      )
  </insert>
  <insert id="insertSelective" parameterType="cn.his.entity.HerbalTemplate">
    insert into herbal_template
    <trim prefix="(" suffix=")" suffixOverrides=",">
      <if test="id != null">
        ID,
      </if>
      <if test="name != null">
        Name,
      </if>
      <if test="doctorid != null">
        DoctorID,
      </if>
      <if test="creationtime != null">
        CreationTime,
      </if>
      <if test="prescriptiotype != null">
        PrescriptioType,
      </if>
      <if test="paynumber != null">
        PayNumber,
      </if>
      <if test="drugsusage != null">
        DrugsUsage,
      </if>
      <if test="therapy != null">
        Therapy,
      </if>
      <if test="detailed != null">
        Detailed,
      </if>
      <if test="advice != null">
        Advice,
      </if>
      <if test="scope != null">
        Scope,
      </if>
      <if test="delmark != null">
        DelMark,
      </if>
    </trim>
    <trim prefix="values (" suffix=")" suffixOverrides=",">
      <if test="id != null">
        #{id,jdbcType=INTEGER},
      </if>
      <if test="name != null">
        #{name,jdbcType=VARCHAR},
      </if>
      <if test="doctorid != null">
        #{doctorid,jdbcType=INTEGER},
      </if>
      <if test="creationtime != null">
        #{creationtime,jdbcType=TIMESTAMP},
      </if>
      <if test="prescriptiotype != null">
        #{prescriptiotype,jdbcType=VARCHAR},
      </if>
      <if test="paynumber != null">
        #{paynumber,jdbcType=INTEGER},
      </if>
      <if test="drugsusage != null">
        #{drugsusage,jdbcType=VARCHAR},
      </if>
      <if test="therapy != null">
        #{therapy,jdbcType=VARCHAR},
      </if>
      <if test="detailed != null">
        #{detailed,jdbcType=VARCHAR},
      </if>
      <if test="advice != null">
        #{advice,jdbcType=VARCHAR},
      </if>
      <if test="scope != null">
        #{scope,jdbcType=VARCHAR},
      </if>
      <if test="delmark != null">
        #{delmark,jdbcType=INTEGER},
      </if>
    </trim>
  </insert>
  <update id="updateByPrimaryKeySelective" parameterType="cn.his.entity.HerbalTemplate">
    update herbal_template
    <set>
      <if test="name != null">
        Name = #{name,jdbcType=VARCHAR},
      </if>
      <if test="doctorid != null">
        DoctorID = #{doctorid,jdbcType=INTEGER},
      </if>
      <if test="creationtime != null">
        CreationTime = #{creationtime,jdbcType=TIMESTAMP},
      </if>
      <if test="prescriptiotype != null">
        PrescriptioType = #{prescriptiotype,jdbcType=VARCHAR},
      </if>
      <if test="paynumber != null">
        PayNumber = #{paynumber,jdbcType=INTEGER},
      </if>
      <if test="drugsusage != null">
        DrugsUsage = #{drugsusage,jdbcType=VARCHAR},
      </if>
      <if test="therapy != null">
        Therapy = #{therapy,jdbcType=VARCHAR},
      </if>
      <if test="detailed != null">
        Detailed = #{detailed,jdbcType=VARCHAR},
      </if>
      <if test="advice != null">
        Advice = #{advice,jdbcType=VARCHAR},
      </if>
      <if test="scope != null">
        Scope = #{scope,jdbcType=VARCHAR},
      </if>
      <if test="delmark != null">
        DelMark = #{delmark,jdbcType=INTEGER},
      </if>
    </set>
    where ID = #{id,jdbcType=INTEGER}
  </update>
  <update id="updateByPrimaryKey" parameterType="cn.his.entity.HerbalTemplate">
    update herbal_template
    set Name = #{name,jdbcType=VARCHAR},
      DoctorID = #{doctorid,jdbcType=INTEGER},
      CreationTime = #{creationtime,jdbcType=TIMESTAMP},
      PrescriptioType = #{prescriptiotype,jdbcType=VARCHAR},
      PayNumber = #{paynumber,jdbcType=INTEGER},
      DrugsUsage = #{drugsusage,jdbcType=VARCHAR},
      Therapy = #{therapy,jdbcType=VARCHAR},
      Detailed = #{detailed,jdbcType=VARCHAR},
      Advice = #{advice,jdbcType=VARCHAR},
      Scope = #{scope,jdbcType=VARCHAR},
      DelMark = #{delmark,jdbcType=INTEGER}
    where ID = #{id,jdbcType=INTEGER}
  </update>
</mapper>