<?xml version="1.0" encoding="UTF-8"?>
<!DOCTYPE mapper PUBLIC "-//mybatis.org//DTD Mapper 3.0//EN" "http://mybatis.org/dtd/mybatis-3-mapper.dtd">
<mapper namespace="cn.his.mapper.SchedulingMapper">
  <resultMap id="BaseResultMap" type="cn.his.entity.Scheduling">
    <id column="ID" jdbcType="INTEGER" property="id" />
    <result column="SchedDate" jdbcType="DATE" property="scheddate" />
    <result column="DeptID" jdbcType="INTEGER" property="deptid" />
    <result column="UserID" jdbcType="INTEGER" property="userid" />
    <result column="Noon" jdbcType="CHAR" property="noon" />
    <result column="RuleID" jdbcType="INTEGER" property="ruleid" />
  </resultMap>
  <sql id="Base_Column_List">
    ID, SchedDate, DeptID, UserID, Noon, RuleID
  </sql>
  <select id="selectByPrimaryKey" parameterType="java.lang.Integer" resultMap="BaseResultMap">
    select 
    <include refid="Base_Column_List" />
    from scheduling
    where ID = #{id,jdbcType=INTEGER}
  </select>
  <delete id="deleteByPrimaryKey" parameterType="java.lang.Integer">
    delete from scheduling
    where ID = #{id,jdbcType=INTEGER}
  </delete>
  <insert id="insert" parameterType="cn.his.entity.Scheduling">
    insert into scheduling (ID, SchedDate, DeptID, 
      UserID, Noon, RuleID)
    values (#{id,jdbcType=INTEGER}, #{scheddate,jdbcType=DATE}, #{deptid,jdbcType=INTEGER}, 
      #{userid,jdbcType=INTEGER}, #{noon,jdbcType=CHAR}, #{ruleid,jdbcType=INTEGER})
  </insert>
  <insert id="insertSelective" parameterType="cn.his.entity.Scheduling">
    insert into scheduling
    <trim prefix="(" suffix=")" suffixOverrides=",">
      <if test="id != null">
        ID,
      </if>
      <if test="scheddate != null">
        SchedDate,
      </if>
      <if test="deptid != null">
        DeptID,
      </if>
      <if test="userid != null">
        UserID,
      </if>
      <if test="noon != null">
        Noon,
      </if>
      <if test="ruleid != null">
        RuleID,
      </if>
    </trim>
    <trim prefix="values (" suffix=")" suffixOverrides=",">
      <if test="id != null">
        #{id,jdbcType=INTEGER},
      </if>
      <if test="scheddate != null">
        #{scheddate,jdbcType=DATE},
      </if>
      <if test="deptid != null">
        #{deptid,jdbcType=INTEGER},
      </if>
      <if test="userid != null">
        #{userid,jdbcType=INTEGER},
      </if>
      <if test="noon != null">
        #{noon,jdbcType=CHAR},
      </if>
      <if test="ruleid != null">
        #{ruleid,jdbcType=INTEGER},
      </if>
    </trim>
  </insert>
  <update id="updateByPrimaryKeySelective" parameterType="cn.his.entity.Scheduling">
    update scheduling
    <set>
      <if test="scheddate != null">
        SchedDate = #{scheddate,jdbcType=DATE},
      </if>
      <if test="deptid != null">
        DeptID = #{deptid,jdbcType=INTEGER},
      </if>
      <if test="userid != null">
        UserID = #{userid,jdbcType=INTEGER},
      </if>
      <if test="noon != null">
        Noon = #{noon,jdbcType=CHAR},
      </if>
      <if test="ruleid != null">
        RuleID = #{ruleid,jdbcType=INTEGER},
      </if>
    </set>
    where ID = #{id,jdbcType=INTEGER}
  </update>
  <update id="updateByPrimaryKey" parameterType="cn.his.entity.Scheduling">
    update scheduling
    set SchedDate = #{scheddate,jdbcType=DATE},
      DeptID = #{deptid,jdbcType=INTEGER},
      UserID = #{userid,jdbcType=INTEGER},
      Noon = #{noon,jdbcType=CHAR},
      RuleID = #{ruleid,jdbcType=INTEGER}
    where ID = #{id,jdbcType=INTEGER}
  </update>
</mapper>