<?xml version="1.0" encoding="UTF-8"?>
<!DOCTYPE mapper PUBLIC "-//mybatis.org//DTD Mapper 3.0//EN" "http://mybatis.org/dtd/mybatis-3-mapper.dtd">
<mapper namespace="cn.his.mapper.VChargeHerbalMapper">
  <resultMap id="BaseResultMap" type="cn.his.entity.VChargeHerbal">
    <result column="CaseNumber" jdbcType="VARCHAR" property="casenumber" />
    <result column="RealName" jdbcType="VARCHAR" property="realname" />
    <result column="IDnumber" jdbcType="VARCHAR" property="idnumber" />
    <result column="HomeAddress" jdbcType="VARCHAR" property="homeaddress" />
    <result column="CreationTime" jdbcType="TIMESTAMP" property="creationtime" />
    <result column="State" jdbcType="INTEGER" property="state" />
    <result column="Dosage" jdbcType="VARCHAR" property="dosage" />
    <result column="DrugsName" jdbcType="VARCHAR" property="drugsname" />
    <result column="DrugsPrice" jdbcType="DECIMAL" property="drugsprice" />
    <result column="DoctorID" jdbcType="INTEGER" property="doctorid" />
    <result column="ID" jdbcType="INTEGER" property="id" />
  </resultMap>
  <sql id="Base_Column_List">
   CaseNumber,RealName,IDnumber,HomeAddress,Dosage,DrugsPrice,CreationTime,State,DrugsName,DoctorID,ID
  </sql>
  <select id="selectByCaseNumber" parameterType="java.lang.String" resultMap="BaseResultMap">
    select
    <include refid="Base_Column_List" />
    from v_charge_herbal
    where CaseNumber = #{CaseNumber,jdbcType=VARCHAR}
  </select>
  <select id="selectByID" parameterType="java.lang.Integer" resultMap="BaseResultMap">
    select
    <include refid="Base_Column_List" />
    from v_charge_herbal
    where ID = #{ID,jdbcType=INTEGER}
  </select>
</mapper>